ip,factory,phase,datacenter,room,row,col,side,is_pdu,name,has_data,protocol_status,status_code,enabled,message
,F12,P7,DC2,R0,AA,1,L,1,F12P7DC2R0AA1PL,0,0,2,0,
,F12,P7,DC2,R0,AA,1,R,1,F12P7DC2R0AA1PR,0,0,2,0,
,F12,P7,DC2,R0,AA,2,L,1,F12P7DC2R0AA2PL,0,0,1,0,
,F12,P7,DC2,R0,AA,2,R,1,F12P7DC2R0AA2PR,0,0,0,0,
,F12,P7,DC2,R0,AA,3,L,1,F12P7DC2R0AA3PL,0,0,2,0,
,F12,P7,DC2,R0,AA,3,R,1,F12P7DC2R0AA3PR,0,0,0,0,
,F12,P7,DC2,R0,AA,4,L,1,F12P7DC2R0AA4PL,0,0,1,0,
,F12,P7,DC2,R0,AA,4,R,1,F12P7DC2R0AA4PR,0,0,0,0,
,F12,P7,DC2,R0,AA,6,L,1,F12P7DC2R0AA6PL,0,0,0,0,
,F12,P7,DC2,R0,AA,6,R,1,F12P7DC2R0AA6PR,0,0,1,0,
,F12,P7,DC2,R0,AA,7,L,1,F12P7DC2R0AA7PL,0,0,0,0,
,F12,P7,DC2,R0,AA,7,R,1,F12P7DC2R0AA7PR,0,0,0,0,
,F12,P7,DC2,R0,AA,8,L,1,F12P7DC2R0AA8PL,0,0,2,0,
,F12,P7,DC2,R0,AA,8,R,1,F12P7DC2R0AA8PR,0,0,0,0,
,F12,P7,DC2,R0,AA,10,L,1,F12P7DC2R0AA10PL,0,0,0,0,
,F12,P7,DC2,R0,AA,10,R,1,F12P7DC2R0AA10PR,0,0,0,0,
,F12,P7,DC2,R0,AA,11,L,1,F12P7DC2R0AA11PL,0,0,1,0,
,F12,P7,DC2,R0,AA,11,R,1,F12P7DC2R0AA11PR,0,0,0,0,
,F12,P7,DC2,R0,AA,12,L,1,F12P7DC2R0AA12PL,0,0,0,0,
,F12,P7,DC2,R0,AA,12,R,1,F12P7DC2R0AA12PR,0,0,1,0,
,F12,P7,DC2,R1,AA,58,L,1,F12P7DC2R1AA58PL,0,0,0,0,
,F12,P7,DC2,R1,AA,58,R,1,F12P7DC2R1AA58PR,0,0,0,0,
,F12,P7,DC2,R1,AA,61,L,1,F12P7DC2R1AA61PL,0,0,0,0,
,F12,P7,DC2,R1,AA,61,R,1,F12P7DC2R1AA61PR,0,0,2,0,
,F12,P7,DC2,R1,AA,66,L,1,F12P7DC2R1AA66PL,0,0,0,0,
,F12,P7,DC2,R1,AA,66,R,1,F12P7DC2R1AA66PR,0,0,0,0,
,F12,P7,DC2,R1,AA,69,L,1,F12P7DC2R1AA69PL,0,0,0,0,
,F12,P7,DC2,R1,AA,69,R,1,F12P7DC2R1AA69PR,0,0,0,0,
,F12,P7,DC2,R1,C,58,L,1,F12P7DC2R1C58PL,0,0,0,0,
,F12,P7,DC2,R1,C,58,R,1,F12P7DC2R1C58PR,0,0,0,0,
,F12,P7,DC2,R1,C,61,L,1,F12P7DC2R1C61PL,0,0,0,0,
,F12,P7,DC2,R1,C,61,R,1,F12P7DC2R1C61PR,0,0,0,0,
,F12,P7,DC2,R1,C,69,L,1,F12P7DC2R1C69PL,0,0,0,0,
,F12,P7,DC2,R1,C,69,R,1,F12P7DC2R1C69PR,0,0,2,0,
,F12,P7,DC2,R1,C,66,L,0,F12P7DC2R1C66PL,0,0,0,0,
,F12,P7,DC2,R1,C,66,R,0,F12P7DC2R1C66PR,0,0,0,0,
,F12,P7,DC2,R1,D,58,L,1,F12P7DC2R1D58PL,0,0,2,0,
,F12,P7,DC2,R1,D,58,R,1,F12P7DC2R1D58PR,0,0,0,0,
,F12,P7,DC2,R1,D,61,L,1,F12P7DC2R1D61PL,0,0,2,0,
,F12,P7,DC2,R1,D,61,R,1,F12P7DC2R1D61PR,0,0,0,0,
,F12,P7,DC2,R1,D,66,L,1,F12P7DC2R1D66PL,0,0,0,0,
,F12,P7,DC2,R1,D,66,R,1,F12P7DC2R1D66PR,0,0,2,0,
,F12,P7,DC2,R1,D,69,L,1,F12P7DC2R1D69PL,0,0,0,0,
,F12,P7,DC2,R1,D,69,R,1,F12P7DC2R1D69PR,0,0,0,0,
,F12,P7,DC2,R1,E,61,L,1,F12P7DC2R1E61PL,0,0,0,0,
,F12,P7,DC2,R1,E,61,R,1,F12P7DC2R1E61PR,0,0,0,0,
,F12,P7,DC2,R1,E,66,L,1,F12P7DC2R1E66PL,0,0,2,0,
,F12,P7,DC2,R1,E,66,R,1,F12P7DC2R1E66PR,0,0,0,0,
,F12,P7,DC2,R1,E,58,L,0,F12P7DC2R1E58PL,0,0,0,0,
,F12,P7,DC2,R1,E,69,L,0,F12P7DC2R1E69PL,0,0,0,0,
,F12,P7,DC2,R1,E,58,R,0,F12P7DC2R1E58PR,0,0,0,0,
,F12,P7,DC2,R1,E,69,R,0,F12P7DC2R1E69PR,0,0,0,0,
,F12,P7,DC2,R1,F,58,L,1,F12P7DC2R1F58PL,0,0,0,0,
,F12,P7,DC2,R1,F,58,R,1,F12P7DC2R1F58PR,0,0,0,0,
,F12,P7,DC2,R1,F,61,L,1,F12P7DC2R1F61PL,0,0,0,0,
,F12,P7,DC2,R1,F,61,R,1,F12P7DC2R1F61PR,0,0,0,0,
,F12,P7,DC2,R1,F,66,L,1,F12P7DC2R1F66PL,0,0,0,0,
,F12,P7,DC2,R1,F,66,R,1,F12P7DC2R1F66PR,0,0,0,0,
,F12,P7,DC2,R1,F,69,L,1,F12P7DC2R1F69PL,0,0,0,0,
,F12,P7,DC2,R1,F,69,R,1,F12P7DC2R1F69PR,0,0,0,0,
,F12,P7,DC2,R1,G,58,L,1,F12P7DC2R1G58PL,0,0,0,0,
,F12,P7,DC2,R1,G,58,R,1,F12P7DC2R1G58PR,0,0,0,0,
,F12,P7,DC2,R1,G,66,L,1,F12P7DC2R1G66PL,0,0,0,0,
,F12,P7,DC2,R1,G,66,R,1,F12P7DC2R1G66PR,0,0,0,0,
,F12,P7,DC2,R1,G,69,L,1,F12P7DC2R1G69PL,0,0,0,0,
,F12,P7,DC2,R1,G,69,R,1,F12P7DC2R1G69PR,0,0,0,0,
,F12,P7,DC2,R1,G,61,L,0,F12P7DC2R1G61PL,0,0,0,0,
,F12,P7,DC2,R1,G,61,R,0,F12P7DC2R1G61PR,0,0,0,0,
,F12,P7,DC2,R1,H,58,L,1,F12P7DC2R1H58PL,0,0,0,0,
,F12,P7,DC2,R1,H,58,R,1,F12P7DC2R1H58PR,0,0,0,0,
,F12,P7,DC2,R1,H,61,L,1,F12P7DC2R1H61PL,0,0,0,0,
,F12,P7,DC2,R1,H,61,R,1,F12P7DC2R1H61PR,0,0,0,0,
,F12,P7,DC2,R1,H,69,L,1,F12P7DC2R1H69PL,0,0,0,0,
,F12,P7,DC2,R1,H,69,R,1,F12P7DC2R1H69PR,0,0,0,0,
,F12,P7,DC2,R1,H,66,L,0,F12P7DC2R1H66PL,0,0,0,0,
,F12,P7,DC2,R1,H,66,R,0,F12P7DC2R1H66PR,0,0,0,0,
,F12,P7,DC2,R1,I,58,L,1,F12P7DC2R1I58PL,0,0,0,0,
,F12,P7,DC2,R1,I,58,R,1,F12P7DC2R1I58PR,0,0,0,0,
,F12,P7,DC2,R1,I,61,L,1,F12P7DC2R1I61PL,0,0,0,0,
,F12,P7,DC2,R1,I,61,R,1,F12P7DC2R1I61PR,0,0,0,0,
,F12,P7,DC2,R1,I,66,L,1,F12P7DC2R1I66PL,0,0,0,0,
,F12,P7,DC2,R1,I,66,R,1,F12P7DC2R1I66PR,0,0,0,0,
,F12,P7,DC2,R1,I,69,L,1,F12P7DC2R1I69PL,0,0,0,0,
,F12,P7,DC2,R1,I,69,R,1,F12P7DC2R1I69PR,0,0,0,0,
,F12,P7,DC2,R1,J,61,L,1,F12P7DC2R1J61PL,0,0,0,0,
,F12,P7,DC2,R1,J,61,R,1,F12P7DC2R1J61PR,0,0,0,0,
,F12,P7,DC2,R1,J,66,L,1,F12P7DC2R1J66PL,0,0,0,0,
,F12,P7,DC2,R1,J,66,R,1,F12P7DC2R1J66PR,0,0,0,0,
,F12,P7,DC2,R1,J,58,L,0,F12P7DC2R1J58PL,0,0,0,0,
,F12,P7,DC2,R1,J,69,L,0,F12P7DC2R1J69PL,0,0,0,0,
,F12,P7,DC2,R1,J,58,R,0,F12P7DC2R1J58PR,0,0,0,0,
,F12,P7,DC2,R1,J,69,R,0,F12P7DC2R1J69PR,0,0,0,0,
,F12,P7,DC2,R1,K,58,L,1,F12P7DC2R1K58PL,0,0,0,0,
,F12,P7,DC2,R1,K,58,R,1,F12P7DC2R1K58PR,0,0,0,0,
,F12,P7,DC2,R1,K,61,L,1,F12P7DC2R1K61PL,0,0,0,0,
,F12,P7,DC2,R1,K,61,R,1,F12P7DC2R1K61PR,0,0,0,0,
,F12,P7,DC2,R1,K,66,L,1,F12P7DC2R1K66PL,0,0,0,0,
,F12,P7,DC2,R1,K,66,R,1,F12P7DC2R1K66PR,0,0,0,0,
,F12,P7,DC2,R1,K,69,L,1,F12P7DC2R1K69PL,0,0,0,0,
,F12,P7,DC2,R1,K,69,R,1,F12P7DC2R1K69PR,0,0,0,0,
,F12,P7,DC2,R1,L,58,L,1,F12P7DC2R1L58PL,0,0,0,0,
,F12,P7,DC2,R1,L,58,R,1,F12P7DC2R1L58PR,0,0,0,0,
,F12,P7,DC2,R1,L,66,L,1,F12P7DC2R1L66PL,0,0,0,0,
,F12,P7,DC2,R1,L,66,R,1,F12P7DC2R1L66PR,0,0,0,0,
,F12,P7,DC2,R1,L,69,L,1,F12P7DC2R1L69PL,0,0,0,0,
,F12,P7,DC2,R1,L,69,R,1,F12P7DC2R1L69PR,0,0,0,0,
,F12,P7,DC2,R1,L,61,L,0,F12P7DC2R1L61PL,0,0,0,0,
,F12,P7,DC2,R1,L,61,R,0,F12P7DC2R1L61PR,0,0,0,0,
,F12,P7,DC2,R1,M,58,L,1,F12P7DC2R1M58PL,0,0,0,0,
,F12,P7,DC2,R1,M,58,R,1,F12P7DC2R1M58PR,0,0,0,0,
,F12,P7,DC2,R1,M,61,L,1,F12P7DC2R1M61PL,0,0,0,0,
,F12,P7,DC2,R1,M,61,R,1,F12P7DC2R1M61PR,0,0,0,0,
,F12,P7,DC2,R1,M,69,L,1,F12P7DC2R1M69PL,0,0,0,0,
,F12,P7,DC2,R1,M,69,R,1,F12P7DC2R1M69PR,0,0,0,0,
,F12,P7,DC2,R1,M,66,L,0,F12P7DC2R1M66PL,0,0,0,0,
,F12,P7,DC2,R1,M,66,R,0,F12P7DC2R1M66PR,0,0,0,0,
,F12,P7,DC2,R1,N,58,L,1,F12P7DC2R1N58PL,0,0,0,0,
,F12,P7,DC2,R1,N,58,R,1,F12P7DC2R1N58PR,0,0,0,0,
,F12,P7,DC2,R1,N,61,L,1,F12P7DC2R1N61PL,0,0,0,0,
,F12,P7,DC2,R1,N,61,R,1,F12P7DC2R1N61PR,0,0,0,0,
,F12,P7,DC2,R1,N,66,L,1,F12P7DC2R1N66PL,0,0,0,0,
,F12,P7,DC2,R1,N,66,R,1,F12P7DC2R1N66PR,0,0,0,0,
,F12,P7,DC2,R1,N,69,L,1,F12P7DC2R1N69PL,0,0,0,0,
,F12,P7,DC2,R1,N,69,R,1,F12P7DC2R1N69PR,0,0,0,0,
,F12,P7,DC2,R1,O,66,L,1,F12P7DC2R1O66PL,0,0,0,0,
,F12,P7,DC2,R1,O,66,R,1,F12P7DC2R1O66PR,0,0,0,0,
,F12,P7,DC2,R1,O,58,L,0,F12P7DC2R1O58PL,0,0,0,0,
,F12,P7,DC2,R1,O,61,L,0,F12P7DC2R1O61PL,0,0,0,0,
,F12,P7,DC2,R1,O,69,L,0,F12P7DC2R1O69PL,0,0,0,0,
,F12,P7,DC2,R1,O,58,R,0,F12P7DC2R1O58PR,0,0,0,0,
,F12,P7,DC2,R1,O,61,R,0,F12P7DC2R1O61PR,0,0,0,0,
,F12,P7,DC2,R1,O,69,R,0,F12P7DC2R1O69PR,0,0,0,0,
,F12,P7,DC2,R1,P,58,L,1,F12P7DC2R1P58PL,0,0,0,0,
,F12,P7,DC2,R1,P,58,R,1,F12P7DC2R1P58PR,0,0,0,0,
,F12,P7,DC2,R1,P,61,L,1,F12P7DC2R1P61PL,0,0,0,0,
,F12,P7,DC2,R1,P,61,R,1,F12P7DC2R1P61PR,0,0,0,0,
,F12,P7,DC2,R1,P,66,L,1,F12P7DC2R1P66PL,0,0,0,0,
,F12,P7,DC2,R1,P,66,R,1,F12P7DC2R1P66PR,0,0,0,0,
,F12,P7,DC2,R1,P,69,L,1,F12P7DC2R1P69PL,0,0,0,0,
,F12,P7,DC2,R1,P,69,R,1,F12P7DC2R1P69PR,0,0,0,0,
,F12,P7,DC2,R1,Q,58,L,1,F12P7DC2R1Q58PL,0,0,0,0,
,F12,P7,DC2,R1,Q,58,R,1,F12P7DC2R1Q58PR,0,0,0,0,
,F12,P7,DC2,R1,Q,61,L,1,F12P7DC2R1Q61PL,0,0,0,0,
,F12,P7,DC2,R1,Q,61,R,1,F12P7DC2R1Q61PR,0,0,0,0,
,F12,P7,DC2,R1,Q,66,L,1,F12P7DC2R1Q66PL,0,0,0,0,
,F12,P7,DC2,R1,Q,66,R,1,F12P7DC2R1Q66PR,0,0,0,0,
,F12,P7,DC2,R1,Q,69,L,1,F12P7DC2R1Q69PL,0,0,0,0,
,F12,P7,DC2,R1,Q,69,R,1,F12P7DC2R1Q69PR,0,0,0,0,
,F12,P7,DC2,R1,R,58,L,1,F12P7DC2R1R58PL,0,0,0,0,
,F12,P7,DC2,R1,R,58,R,1,F12P7DC2R1R58PR,0,0,0,0,
,F12,P7,DC2,R1,R,61,L,1,F12P7DC2R1R61PL,0,0,0,0,
,F12,P7,DC2,R1,R,61,R,1,F12P7DC2R1R61PR,0,0,0,0,
,F12,P7,DC2,R1,R,69,L,1,F12P7DC2R1R69PL,0,0,0,0,
,F12,P7,DC2,R1,R,69,R,1,F12P7DC2R1R69PR,0,0,0,0,
,F12,P7,DC2,R1,R,66,L,0,F12P7DC2R1R66PL,0,0,0,0,
,F12,P7,DC2,R1,R,66,R,0,F12P7DC2R1R66PR,0,0,0,0,
,F12,P7,DC2,R1,S,58,L,1,F12P7DC2R1S58PL,0,0,0,0,
,F12,P7,DC2,R1,S,58,R,1,F12P7DC2R1S58PR,0,0,0,0,
,F12,P7,DC2,R1,S,61,L,1,F12P7DC2R1S61PL,0,0,0,0,
,F12,P7,DC2,R1,S,61,R,1,F12P7DC2R1S61PR,0,0,0,0,
,F12,P7,DC2,R1,S,66,L,1,F12P7DC2R1S66PL,0,0,0,0,
,F12,P7,DC2,R1,S,66,R,1,F12P7DC2R1S66PR,0,0,0,0,
,F12,P7,DC2,R1,S,69,L,1,F12P7DC2R1S69PL,0,0,0,0,
,F12,P7,DC2,R1,S,69,R,1,F12P7DC2R1S69PR,0,0,0,0,
,F12,P7,DC2,R1,T,61,L,1,F12P7DC2R1T61PL,0,0,0,0,
,F12,P7,DC2,R1,T,61,R,1,F12P7DC2R1T61PR,0,0,0,0,
,F12,P7,DC2,R1,T,66,L,1,F12P7DC2R1T66PL,0,0,0,0,
,F12,P7,DC2,R1,T,66,R,1,F12P7DC2R1T66PR,0,0,0,0,
,F12,P7,DC2,R1,T,58,L,0,F12P7DC2R1T58PL,0,0,0,0,
,F12,P7,DC2,R1,T,69,L,0,F12P7DC2R1T69PL,0,0,0,0,
,F12,P7,DC2,R1,T,58,R,0,F12P7DC2R1T58PR,0,0,0,0,
,F12,P7,DC2,R1,T,69,R,0,F12P7DC2R1T69PR,0,0,0,0,
,F12,P7,DC2,R1,U,58,L,1,F12P7DC2R1U58PL,0,0,0,0,
,F12,P7,DC2,R1,U,58,R,1,F12P7DC2R1U58PR,0,0,0,0,
,F12,P7,DC2,R1,U,61,L,1,F12P7DC2R1U61PL,0,0,0,0,
,F12,P7,DC2,R1,U,61,R,1,F12P7DC2R1U61PR,0,0,0,0,
,F12,P7,DC2,R1,U,66,L,1,F12P7DC2R1U66PL,0,0,0,0,
,F12,P7,DC2,R1,U,66,R,1,F12P7DC2R1U66PR,0,0,0,0,
,F12,P7,DC2,R1,U,69,L,1,F12P7DC2R1U69PL,0,0,0,0,
,F12,P7,DC2,R1,U,69,R,1,F12P7DC2R1U69PR,0,0,0,0,
,F12,P7,DC2,R1,V,58,L,1,F12P7DC2R1V58PL,0,0,0,0,
,F12,P7,DC2,R1,V,58,R,1,F12P7DC2R1V58PR,0,0,0,0,
,F12,P7,DC2,R1,V,66,L,1,F12P7DC2R1V66PL,0,0,0,0,
,F12,P7,DC2,R1,V,66,R,1,F12P7DC2R1V66PR,0,0,0,0,
,F12,P7,DC2,R1,V,69,L,1,F12P7DC2R1V69PL,0,0,0,0,
,F12,P7,DC2,R1,V,69,R,1,F12P7DC2R1V69PR,0,0,0,0,
,F12,P7,DC2,R1,V,61,L,0,F12P7DC2R1V61PL,0,0,0,0,
,F12,P7,DC2,R1,V,61,R,0,F12P7DC2R1V61PR,0,0,0,0,
,F12,P7,DC2,R1,W,58,L,1,F12P7DC2R1W58PL,0,0,0,0,
,F12,P7,DC2,R1,W,58,R,1,F12P7DC2R1W58PR,0,0,0,0,
,F12,P7,DC2,R1,W,61,L,1,F12P7DC2R1W61PL,0,0,0,0,
,F12,P7,DC2,R1,W,61,R,1,F12P7DC2R1W61PR,0,0,0,0,
,F12,P7,DC2,R1,W,69,L,1,F12P7DC2R1W69PL,0,0,0,0,
,F12,P7,DC2,R1,W,69,R,1,F12P7DC2R1W69PR,0,0,0,0,
,F12,P7,DC2,R1,W,66,L,0,F12P7DC2R1W66PL,0,0,0,0,
,F12,P7,DC2,R1,W,66,R,0,F12P7DC2R1W66PR,0,0,0,0,
,F12,P7,DC2,R1,Y,61,L,1,F12P7DC2R1Y61PL,0,0,0,0,
,F12,P7,DC2,R1,Y,61,R,1,F12P7DC2R1Y61PR,0,0,0,0,
,F12,P7,DC2,R1,Y,66,L,1,F12P7DC2R1Y66PL,0,0,0,0,
,F12,P7,DC2,R1,Y,66,R,1,F12P7DC2R1Y66PR,0,0,0,0,
,F12,P7,DC2,R1,Y,58,L,0,F12P7DC2R1Y58PL,0,0,0,0,
,F12,P7,DC2,R1,Y,69,L,0,F12P7DC2R1Y69PL,0,0,0,0,
,F12,P7,DC2,R1,Y,58,R,0,F12P7DC2R1Y58PR,0,0,0,0,
,F12,P7,DC2,R1,Y,69,R,0,F12P7DC2R1Y69PR,0,0,0,0,
,F12,P7,DC2,R1,Z,58,L,1,F12P7DC2R1Z58PL,0,0,0,0,
,F12,P7,DC2,R1,Z,58,R,1,F12P7DC2R1Z58PR,0,0,0,0,
,F12,P7,DC2,R1,Z,66,L,1,F12P7DC2R1Z66PL,0,0,0,0,
,F12,P7,DC2,R1,Z,66,R,1,F12P7DC2R1Z66PR,0,0,0,0,
,F12,P7,DC2,R1,Z,69,L,1,F12P7DC2R1Z69PL,0,0,0,0,
,F12,P7,DC2,R1,Z,69,R,1,F12P7DC2R1Z69PR,0,0,0,0,
,F12,P7,DC2,R1,Z,61,L,0,F12P7DC2R1Z61PL,0,0,0,0,
,F12,P7,DC2,R1,Z,61,R,0,F12P7DC2R1Z61PR,0,0,0,0,
,F12,P7,DC2,R2,AA,38,L,1,F12P7DC2R2AA38PL,0,0,0,0,
,F12,P7,DC2,R2,AA,38,R,1,F12P7DC2R2AA38PR,0,0,0,0,
,F12,P7,DC2,R2,AA,41,L,1,F12P7DC2R2AA41PL,0,0,0,0,
,F12,P7,DC2,R2,AA,41,R,1,F12P7DC2R2AA41PR,0,0,0,0,
,F12,P7,DC2,R2,AA,46,L,1,F12P7DC2R2AA46PL,0,0,0,0,
,F12,P7,DC2,R2,AA,46,R,1,F12P7DC2R2AA46PR,0,0,0,0,
,F12,P7,DC2,R2,AA,49,L,1,F12P7DC2R2AA49PL,0,0,0,0,
,F12,P7,DC2,R2,AA,49,R,1,F12P7DC2R2AA49PR,0,0,0,0,
,F12,P7,DC2,R2,C,38,L,1,F12P7DC2R2C38PL,0,0,0,0,
,F12,P7,DC2,R2,C,38,R,1,F12P7DC2R2C38PR,0,0,0,0,
,F12,P7,DC2,R2,C,49,L,1,F12P7DC2R2C49PL,0,0,0,0,
,F12,P7,DC2,R2,C,49,R,1,F12P7DC2R2C49PR,0,0,0,0,
,F12,P7,DC2,R2,C,41,L,0,F12P7DC2R2C41PL,0,0,0,0,
,F12,P7,DC2,R2,C,46,L,0,F12P7DC2R2C46PL,0,0,0,0,
,F12,P7,DC2,R2,C,41,R,0,F12P7DC2R2C41PR,0,0,0,0,
,F12,P7,DC2,R2,C,46,R,0,F12P7DC2R2C46PR,0,0,0,0,
,F12,P7,DC2,R2,D,38,L,1,F12P7DC2R2D38PL,0,0,0,0,
,F12,P7,DC2,R2,D,38,R,1,F12P7DC2R2D38PR,0,0,0,0,
,F12,P7,DC2,R2,D,41,L,1,F12P7DC2R2D41PL,0,0,0,0,
,F12,P7,DC2,R2,D,41,R,1,F12P7DC2R2D41PR,0,0,0,0,
,F12,P7,DC2,R2,D,46,L,1,F12P7DC2R2D46PL,0,0,0,0,
,F12,P7,DC2,R2,D,46,R,1,F12P7DC2R2D46PR,0,0,0,0,
,F12,P7,DC2,R2,D,49,L,1,F12P7DC2R2D49PL,0,0,0,0,
,F12,P7,DC2,R2,D,49,R,1,F12P7DC2R2D49PR,0,0,0,0,
,F12,P7,DC2,R2,E,41,L,1,F12P7DC2R2E41PL,0,0,0,0,
,F12,P7,DC2,R2,E,41,R,1,F12P7DC2R2E41PR,0,0,0,0,
,F12,P7,DC2,R2,E,46,L,1,F12P7DC2R2E46PL,0,0,0,0,
,F12,P7,DC2,R2,E,46,R,1,F12P7DC2R2E46PR,0,0,0,0,
,F12,P7,DC2,R2,E,38,L,0,F12P7DC2R2E38PL,0,0,0,0,
,F12,P7,DC2,R2,E,49,L,0,F12P7DC2R2E49PL,0,0,0,0,
,F12,P7,DC2,R2,E,38,R,0,F12P7DC2R2E38PR,0,0,0,0,
,F12,P7,DC2,R2,E,49,R,0,F12P7DC2R2E49PR,0,0,0,0,
,F12,P7,DC2,R2,F,38,L,1,F12P7DC2R2F38PL,0,0,0,0,
,F12,P7,DC2,R2,F,38,R,1,F12P7DC2R2F38PR,0,0,0,0,
,F12,P7,DC2,R2,F,41,L,1,F12P7DC2R2F41PL,0,0,0,0,
,F12,P7,DC2,R2,F,41,R,1,F12P7DC2R2F41PR,0,0,0,0,
,F12,P7,DC2,R2,F,46,L,1,F12P7DC2R2F46PL,0,0,0,0,
,F12,P7,DC2,R2,F,46,R,1,F12P7DC2R2F46PR,0,0,0,0,
,F12,P7,DC2,R2,F,49,L,1,F12P7DC2R2F49PL,0,0,0,0,
,F12,P7,DC2,R2,F,49,R,1,F12P7DC2R2F49PR,0,0,0,0,
,F12,P7,DC2,R2,G,38,L,1,F12P7DC2R2G38PL,0,0,0,0,
,F12,P7,DC2,R2,G,38,R,1,F12P7DC2R2G38PR,0,0,0,0,
,F12,P7,DC2,R2,G,46,L,1,F12P7DC2R2G46PL,0,0,0,0,
,F12,P7,DC2,R2,G,46,R,1,F12P7DC2R2G46PR,0,0,0,0,
,F12,P7,DC2,R2,G,49,L,1,F12P7DC2R2G49PL,0,0,0,0,
,F12,P7,DC2,R2,G,49,R,1,F12P7DC2R2G49PR,0,0,0,0,
,F12,P7,DC2,R2,G,41,L,0,F12P7DC2R2G41PL,0,0,0,0,
,F12,P7,DC2,R2,G,41,R,0,F12P7DC2R2G41PR,0,0,0,0,
,F12,P7,DC2,R2,H,38,L,1,F12P7DC2R2H38PL,0,0,0,0,
,F12,P7,DC2,R2,H,38,R,1,F12P7DC2R2H38PR,0,0,0,0,
,F12,P7,DC2,R2,H,41,L,1,F12P7DC2R2H41PL,0,0,0,0,
,F12,P7,DC2,R2,H,41,R,1,F12P7DC2R2H41PR,0,0,0,0,
,F12,P7,DC2,R2,H,49,L,1,F12P7DC2R2H49PL,0,0,0,0,
,F12,P7,DC2,R2,H,49,R,1,F12P7DC2R2H49PR,0,0,0,0,
,F12,P7,DC2,R2,H,46,L,0,F12P7DC2R2H46PL,0,0,0,0,
,F12,P7,DC2,R2,H,46,R,0,F12P7DC2R2H46PR,0,0,0,0,
,F12,P7,DC2,R2,I,38,L,1,F12P7DC2R2I38PL,0,0,0,0,
,F12,P7,DC2,R2,I,38,R,1,F12P7DC2R2I38PR,0,0,0,0,
,F12,P7,DC2,R2,I,46,L,1,F12P7DC2R2I46PL,0,0,0,0,
,F12,P7,DC2,R2,I,46,R,1,F12P7DC2R2I46PR,0,0,0,0,
,F12,P7,DC2,R2,I,49,L,1,F12P7DC2R2I49PL,0,0,0,0,
,F12,P7,DC2,R2,I,49,R,1,F12P7DC2R2I49PR,0,0,0,0,
,F12,P7,DC2,R2,J,46,L,1,F12P7DC2R2J46PL,0,0,0,0,
,F12,P7,DC2,R2,J,46,R,1,F12P7DC2R2J46PR,0,0,0,0,
,F12,P7,DC2,R2,J,38,L,0,F12P7DC2R2J38PL,0,0,0,0,
,F12,P7,DC2,R2,J,49,L,0,F12P7DC2R2J49PL,0,0,0,0,
,F12,P7,DC2,R2,J,38,R,0,F12P7DC2R2J38PR,0,0,0,0,
,F12,P7,DC2,R2,J,49,R,0,F12P7DC2R2J49PR,0,0,0,0,
,F12,P7,DC2,R2,K,38,L,1,F12P7DC2R2K38PL,0,0,0,0,
,F12,P7,DC2,R2,K,38,R,1,F12P7DC2R2K38PR,0,0,0,0,
,F12,P7,DC2,R2,K,41,L,1,F12P7DC2R2K41PL,0,0,0,0,
,F12,P7,DC2,R2,K,41,R,1,F12P7DC2R2K41PR,0,0,0,0,
,F12,P7,DC2,R2,K,46,L,1,F12P7DC2R2K46PL,0,0,0,0,
,F12,P7,DC2,R2,K,46,R,1,F12P7DC2R2K46PR,0,0,0,0,
,F12,P7,DC2,R2,K,49,L,1,F12P7DC2R2K49PL,0,0,0,0,
,F12,P7,DC2,R2,K,49,R,1,F12P7DC2R2K49PR,0,0,0,0,
,F12,P7,DC2,R2,L,38,L,1,F12P7DC2R2L38PL,0,0,0,0,
,F12,P7,DC2,R2,L,38,R,1,F12P7DC2R2L38PR,0,0,0,0,
,F12,P7,DC2,R2,L,46,L,1,F12P7DC2R2L46PL,0,0,0,0,
,F12,P7,DC2,R2,L,46,R,1,F12P7DC2R2L46PR,0,0,0,0,
,F12,P7,DC2,R2,L,49,L,1,F12P7DC2R2L49PL,0,0,0,0,
,F12,P7,DC2,R2,L,49,R,1,F12P7DC2R2L49PR,0,0,0,0,
,F12,P7,DC2,R2,L,41,L,0,F12P7DC2R2L41PL,0,0,0,0,
,F12,P7,DC2,R2,L,41,R,0,F12P7DC2R2L41PR,0,0,0,0,
,F12,P7,DC2,R2,M,38,L,1,F12P7DC2R2M38PL,0,0,0,0,
,F12,P7,DC2,R2,M,38,R,1,F12P7DC2R2M38PR,0,0,0,0,
,F12,P7,DC2,R2,M,41,L,1,F12P7DC2R2M41PL,0,0,0,0,
,F12,P7,DC2,R2,M,41,R,1,F12P7DC2R2M41PR,0,0,0,0,
,F12,P7,DC2,R2,M,49,L,1,F12P7DC2R2M49PL,0,0,0,0,
,F12,P7,DC2,R2,M,49,R,1,F12P7DC2R2M49PR,0,0,0,0,
,F12,P7,DC2,R2,M,46,L,0,F12P7DC2R2M46PL,0,0,0,0,
,F12,P7,DC2,R2,M,46,R,0,F12P7DC2R2M46PR,0,0,0,0,
,F12,P7,DC2,R2,N,38,L,1,F12P7DC2R2N38PL,0,0,0,0,
,F12,P7,DC2,R2,N,38,R,1,F12P7DC2R2N38PR,0,0,0,0,
,F12,P7,DC2,R2,N,41,L,1,F12P7DC2R2N41PL,0,0,0,0,
,F12,P7,DC2,R2,N,41,R,1,F12P7DC2R2N41PR,0,0,0,0,
,F12,P7,DC2,R2,N,46,L,1,F12P7DC2R2N46PL,0,0,0,0,
,F12,P7,DC2,R2,N,46,R,1,F12P7DC2R2N46PR,0,0,0,0,
,F12,P7,DC2,R2,N,49,L,1,F12P7DC2R2N49PL,0,0,0,0,
,F12,P7,DC2,R2,N,49,R,1,F12P7DC2R2N49PR,0,0,0,0,
,F12,P7,DC2,R2,O,41,L,1,F12P7DC2R2O41PL,0,0,0,0,
,F12,P7,DC2,R2,O,41,R,1,F12P7DC2R2O41PR,0,0,0,0,
,F12,P7,DC2,R2,O,46,L,1,F12P7DC2R2O46PL,0,0,0,0,
,F12,P7,DC2,R2,O,46,R,1,F12P7DC2R2O46PR,0,0,0,0,
,F12,P7,DC2,R2,O,38,L,0,F12P7DC2R2O38PL,0,0,0,0,
,F12,P7,DC2,R2,O,49,L,0,F12P7DC2R2O49PL,0,0,0,0,
,F12,P7,DC2,R2,O,38,R,0,F12P7DC2R2O38PR,0,0,0,0,
,F12,P7,DC2,R2,O,49,R,0,F12P7DC2R2O49PR,0,0,0,0,
,F12,P7,DC2,R2,P,38,L,1,F12P7DC2R2P38PL,0,0,0,0,
,F12,P7,DC2,R2,P,38,R,1,F12P7DC2R2P38PR,0,0,0,0,
,F12,P7,DC2,R2,P,41,L,1,F12P7DC2R2P41PL,0,0,0,0,
,F12,P7,DC2,R2,P,41,R,1,F12P7DC2R2P41PR,0,0,0,0,
,F12,P7,DC2,R2,P,46,L,1,F12P7DC2R2P46PL,0,0,0,0,
,F12,P7,DC2,R2,P,46,R,1,F12P7DC2R2P46PR,0,0,0,0,
,F12,P7,DC2,R2,P,49,L,1,F12P7DC2R2P49PL,0,0,0,0,
,F12,P7,DC2,R2,P,49,R,1,F12P7DC2R2P49PR,0,0,0,0,
,F12,P7,DC2,R2,Q,38,L,1,F12P7DC2R2Q38PL,0,0,0,0,
,F12,P7,DC2,R2,Q,38,R,1,F12P7DC2R2Q38PR,0,0,0,0,
,F12,P7,DC2,R2,Q,46,L,1,F12P7DC2R2Q46PL,0,0,0,0,
,F12,P7,DC2,R2,Q,46,R,1,F12P7DC2R2Q46PR,0,0,0,0,
,F12,P7,DC2,R2,Q,49,L,1,F12P7DC2R2Q49PL,0,0,0,0,
,F12,P7,DC2,R2,Q,49,R,1,F12P7DC2R2Q49PR,0,0,0,0,
,F12,P7,DC2,R2,Q,41,L,0,F12P7DC2R2Q41PL,0,0,0,0,
,F12,P7,DC2,R2,Q,41,R,0,F12P7DC2R2Q41PR,0,0,0,0,
,F12,P7,DC2,R2,R,38,L,1,F12P7DC2R2R38PL,0,0,0,0,
,F12,P7,DC2,R2,R,38,R,1,F12P7DC2R2R38PR,0,0,0,0,
,F12,P7,DC2,R2,R,41,L,1,F12P7DC2R2R41PL,0,0,0,0,
,F12,P7,DC2,R2,R,41,R,1,F12P7DC2R2R41PR,0,0,0,0,
,F12,P7,DC2,R2,R,49,L,1,F12P7DC2R2R49PL,0,0,0,0,
,F12,P7,DC2,R2,R,49,R,1,F12P7DC2R2R49PR,0,0,0,0,
,F12,P7,DC2,R2,R,46,L,0,F12P7DC2R2R46PL,0,0,0,0,
,F12,P7,DC2,R2,R,46,R,0,F12P7DC2R2R46PR,0,0,0,0,
,F12,P7,DC2,R2,S,38,L,1,F12P7DC2R2S38PL,0,0,0,0,
,F12,P7,DC2,R2,S,38,R,1,F12P7DC2R2S38PR,0,0,0,0,
,F12,P7,DC2,R2,S,41,L,1,F12P7DC2R2S41PL,0,0,0,0,
,F12,P7,DC2,R2,S,41,R,1,F12P7DC2R2S41PR,0,0,0,0,
,F12,P7,DC2,R2,S,46,L,1,F12P7DC2R2S46PL,0,0,0,0,
,F12,P7,DC2,R2,S,46,R,1,F12P7DC2R2S46PR,0,0,0,0,
,F12,P7,DC2,R2,S,49,L,1,F12P7DC2R2S49PL,0,0,0,0,
,F12,P7,DC2,R2,S,49,R,1,F12P7DC2R2S49PR,0,0,0,0,
,F12,P7,DC2,R2,T,41,L,1,F12P7DC2R2T41PL,0,0,0,0,
,F12,P7,DC2,R2,T,41,R,1,F12P7DC2R2T41PR,0,0,0,0,
,F12,P7,DC2,R2,T,46,L,1,F12P7DC2R2T46PL,0,0,0,0,
,F12,P7,DC2,R2,T,46,R,1,F12P7DC2R2T46PR,0,0,0,0,
,F12,P7,DC2,R2,T,38,L,0,F12P7DC2R2T38PL,0,0,0,0,
,F12,P7,DC2,R2,T,49,L,0,F12P7DC2R2T49PL,0,0,0,0,
,F12,P7,DC2,R2,T,38,R,0,F12P7DC2R2T38PR,0,0,0,0,
,F12,P7,DC2,R2,T,49,R,0,F12P7DC2R2T49PR,0,0,0,0,
,F12,P7,DC2,R2,U,38,L,1,F12P7DC2R2U38PL,0,0,0,0,
,F12,P7,DC2,R2,U,38,R,1,F12P7DC2R2U38PR,0,0,0,0,
,F12,P7,DC2,R2,U,41,L,1,F12P7DC2R2U41PL,0,0,0,0,
,F12,P7,DC2,R2,U,41,R,1,F12P7DC2R2U41PR,0,0,0,0,
,F12,P7,DC2,R2,U,46,L,1,F12P7DC2R2U46PL,0,0,0,0,
,F12,P7,DC2,R2,U,46,R,1,F12P7DC2R2U46PR,0,0,0,0,
,F12,P7,DC2,R2,U,49,L,1,F12P7DC2R2U49PL,0,0,0,0,
,F12,P7,DC2,R2,U,49,R,1,F12P7DC2R2U49PR,0,0,0,0,
,F12,P7,DC2,R2,V,38,L,1,F12P7DC2R2V38PL,0,0,0,0,
,F12,P7,DC2,R2,V,38,R,1,F12P7DC2R2V38PR,0,0,0,0,
,F12,P7,DC2,R2,V,46,L,1,F12P7DC2R2V46PL,0,0,0,0,
,F12,P7,DC2,R2,V,46,R,1,F12P7DC2R2V46PR,0,0,0,0,
,F12,P7,DC2,R2,V,49,L,1,F12P7DC2R2V49PL,0,0,0,0,
,F12,P7,DC2,R2,V,49,R,1,F12P7DC2R2V49PR,0,0,0,0,
,F12,P7,DC2,R2,V,41,L,0,F12P7DC2R2V41PL,0,0,0,0,
,F12,P7,DC2,R2,V,41,R,0,F12P7DC2R2V41PR,0,0,0,0,
,F12,P7,DC2,R2,W,38,L,1,F12P7DC2R2W38PL,0,0,0,0,
,F12,P7,DC2,R2,W,38,R,1,F12P7DC2R2W38PR,0,0,0,0,
,F12,P7,DC2,R2,W,41,L,1,F12P7DC2R2W41PL,0,0,0,0,
,F12,P7,DC2,R2,W,41,R,1,F12P7DC2R2W41PR,0,0,0,0,
,F12,P7,DC2,R2,W,49,L,1,F12P7DC2R2W49PL,0,0,0,0,
,F12,P7,DC2,R2,W,49,R,1,F12P7DC2R2W49PR,0,0,0,0,
,F12,P7,DC2,R2,W,46,L,0,F12P7DC2R2W46PL,0,0,0,0,
,F12,P7,DC2,R2,W,46,R,0,F12P7DC2R2W46PR,0,0,0,0,
,F12,P7,DC2,R2,Y,41,L,1,F12P7DC2R2Y41PL,0,0,0,0,
,F12,P7,DC2,R2,Y,41,R,1,F12P7DC2R2Y41PR,0,0,0,0,
,F12,P7,DC2,R2,Y,46,L,1,F12P7DC2R2Y46PL,0,0,0,0,
,F12,P7,DC2,R2,Y,46,R,1,F12P7DC2R2Y46PR,0,0,0,0,
,F12,P7,DC2,R2,Y,38,L,0,F12P7DC2R2Y38PL,0,0,0,0,
,F12,P7,DC2,R2,Y,49,L,0,F12P7DC2R2Y49PL,0,0,0,0,
,F12,P7,DC2,R2,Y,38,R,0,F12P7DC2R2Y38PR,0,0,0,0,
,F12,P7,DC2,R2,Y,49,R,0,F12P7DC2R2Y49PR,0,0,0,0,
,F12,P7,DC2,R2,Z,38,L,1,F12P7DC2R2Z38PL,0,0,0,0,
,F12,P7,DC2,R2,Z,38,R,1,F12P7DC2R2Z38PR,0,0,0,0,
,F12,P7,DC2,R2,Z,46,L,1,F12P7DC2R2Z46PL,0,0,0,0,
,F12,P7,DC2,R2,Z,46,R,1,F12P7DC2R2Z46PR,0,0,0,0,
,F12,P7,DC2,R2,Z,49,L,1,F12P7DC2R2Z49PL,0,0,0,0,
,F12,P7,DC2,R2,Z,49,R,1,F12P7DC2R2Z49PR,0,0,0,0,
,F12,P7,DC2,R2,Z,41,L,0,F12P7DC2R2Z41PL,0,0,0,0,
,F12,P7,DC2,R2,Z,41,R,0,F12P7DC2R2Z41PR,0,0,0,0,
,F12,P7,DC2,R3,AA,19,L,1,F12P7DC2R3AA19PL,0,0,0,0,
,F12,P7,DC2,R3,AA,19,R,1,F12P7DC2R3AA19PR,0,0,0,0,
,F12,P7,DC2,R3,AA,22,L,1,F12P7DC2R3AA22PL,0,0,0,0,
,F12,P7,DC2,R3,AA,22,R,1,F12P7DC2R3AA22PR,0,0,0,0,
,F12,P7,DC2,R3,AA,27,L,1,F12P7DC2R3AA27PL,0,0,0,0,
,F12,P7,DC2,R3,AA,27,R,1,F12P7DC2R3AA27PR,0,0,0,0,
,F12,P7,DC2,R3,AA,30,L,1,F12P7DC2R3AA30PL,0,0,0,0,
,F12,P7,DC2,R3,AA,30,R,1,F12P7DC2R3AA30PR,0,0,0,0,
,F12,P7,DC2,R3,C,19,L,1,F12P7DC2R3C19PL,0,0,0,0,
,F12,P7,DC2,R3,C,19,R,1,F12P7DC2R3C19PR,0,0,0,0,
,F12,P7,DC2,R3,C,22,L,1,F12P7DC2R3C22PL,0,0,0,0,
,F12,P7,DC2,R3,C,22,R,1,F12P7DC2R3C22PR,0,0,0,0,
,F12,P7,DC2,R3,C,30,L,1,F12P7DC2R3C30PL,0,0,0,0,
,F12,P7,DC2,R3,C,30,R,1,F12P7DC2R3C30PR,0,0,0,0,
,F12,P7,DC2,R3,C,27,L,0,F12P7DC2R3C27PL,0,0,0,0,
,F12,P7,DC2,R3,C,27,R,0,F12P7DC2R3C27PR,0,0,0,0,
,F12,P7,DC2,R3,D,19,L,1,F12P7DC2R3D19PL,0,0,0,0,
,F12,P7,DC2,R3,D,19,R,1,F12P7DC2R3D19PR,0,0,0,0,
,F12,P7,DC2,R3,D,22,L,1,F12P7DC2R3D22PL,0,0,0,0,
,F12,P7,DC2,R3,D,22,R,1,F12P7DC2R3D22PR,0,0,0,0,
,F12,P7,DC2,R3,D,27,L,1,F12P7DC2R3D27PL,0,0,0,0,
,F12,P7,DC2,R3,D,27,R,1,F12P7DC2R3D27PR,0,0,0,0,
,F12,P7,DC2,R3,D,30,L,1,F12P7DC2R3D30PL,0,0,0,0,
,F12,P7,DC2,R3,D,30,R,1,F12P7DC2R3D30PR,0,0,0,0,
,F12,P7,DC2,R3,E,22,L,1,F12P7DC2R3E22PL,0,0,0,0,
,F12,P7,DC2,R3,E,22,R,1,F12P7DC2R3E22PR,0,0,0,0,
,F12,P7,DC2,R3,E,27,L,1,F12P7DC2R3E27PL,0,0,0,0,
,F12,P7,DC2,R3,E,27,R,1,F12P7DC2R3E27PR,0,0,0,0,
,F12,P7,DC2,R3,E,19,L,0,F12P7DC2R3E19PL,0,0,0,0,
,F12,P7,DC2,R3,E,30,L,0,F12P7DC2R3E30PL,0,0,0,0,
,F12,P7,DC2,R3,E,19,R,0,F12P7DC2R3E19PR,0,0,0,0,
,F12,P7,DC2,R3,E,30,R,0,F12P7DC2R3E30PR,0,0,0,0,
,F12,P7,DC2,R3,F,19,L,1,F12P7DC2R3F19PL,0,0,0,0,
,F12,P7,DC2,R3,F,19,R,1,F12P7DC2R3F19PR,0,0,0,0,
,F12,P7,DC2,R3,F,22,L,1,F12P7DC2R3F22PL,0,0,0,0,
,F12,P7,DC2,R3,F,22,R,1,F12P7DC2R3F22PR,0,0,0,0,
,F12,P7,DC2,R3,F,27,L,1,F12P7DC2R3F27PL,0,0,0,0,
,F12,P7,DC2,R3,F,27,R,1,F12P7DC2R3F27PR,0,0,0,0,
,F12,P7,DC2,R3,F,30,L,1,F12P7DC2R3F30PL,0,0,0,0,
,F12,P7,DC2,R3,F,30,R,1,F12P7DC2R3F30PR,0,0,0,0,
,F12,P7,DC2,R3,G,19,L,1,F12P7DC2R3G19PL,0,0,0,0,
,F12,P7,DC2,R3,G,19,R,1,F12P7DC2R3G19PR,0,0,0,0,
,F12,P7,DC2,R3,G,27,L,1,F12P7DC2R3G27PL,0,0,0,0,
,F12,P7,DC2,R3,G,27,R,1,F12P7DC2R3G27PR,0,0,0,0,
,F12,P7,DC2,R3,G,30,L,1,F12P7DC2R3G30PL,0,0,0,0,
,F12,P7,DC2,R3,G,30,R,1,F12P7DC2R3G30PR,0,0,0,0,
,F12,P7,DC2,R3,G,22,L,0,F12P7DC2R3G22PL,0,0,0,0,
,F12,P7,DC2,R3,G,22,R,0,F12P7DC2R3G22PR,0,0,0,0,
,F12,P7,DC2,R3,H,19,L,1,F12P7DC2R3H19PL,0,0,0,0,
,F12,P7,DC2,R3,H,19,R,1,F12P7DC2R3H19PR,0,0,0,0,
,F12,P7,DC2,R3,H,22,L,1,F12P7DC2R3H22PL,0,0,0,0,
,F12,P7,DC2,R3,H,22,R,1,F12P7DC2R3H22PR,0,0,0,0,
,F12,P7,DC2,R3,H,30,L,1,F12P7DC2R3H30PL,0,0,0,0,
,F12,P7,DC2,R3,H,30,R,1,F12P7DC2R3H30PR,0,0,0,0,
,F12,P7,DC2,R3,H,27,L,0,F12P7DC2R3H27PL,0,0,0,0,
,F12,P7,DC2,R3,H,27,R,0,F12P7DC2R3H27PR,0,0,0,0,
,F12,P7,DC2,R3,I,19,L,1,F12P7DC2R3I19PL,0,0,0,0,
,F12,P7,DC2,R3,I,19,R,1,F12P7DC2R3I19PR,0,0,0,0,
,F12,P7,DC2,R3,I,22,L,1,F12P7DC2R3I22PL,0,0,0,0,
,F12,P7,DC2,R3,I,22,R,1,F12P7DC2R3I22PR,0,0,0,0,
,F12,P7,DC2,R3,I,27,L,1,F12P7DC2R3I27PL,0,0,0,0,
,F12,P7,DC2,R3,I,27,R,1,F12P7DC2R3I27PR,0,0,0,0,
,F12,P7,DC2,R3,I,30,L,1,F12P7DC2R3I30PL,0,0,0,0,
,F12,P7,DC2,R3,I,30,R,1,F12P7DC2R3I30PR,0,0,0,0,
,F12,P7,DC2,R3,J,22,L,1,F12P7DC2R3J22PL,0,0,0,0,
,F12,P7,DC2,R3,J,22,R,1,F12P7DC2R3J22PR,0,0,0,0,
,F12,P7,DC2,R3,J,27,L,1,F12P7DC2R3J27PL,0,0,0,0,
,F12,P7,DC2,R3,J,27,R,1,F12P7DC2R3J27PR,0,0,0,0,
,F12,P7,DC2,R3,J,19,L,0,F12P7DC2R3J19PL,0,0,0,0,
,F12,P7,DC2,R3,J,30,L,0,F12P7DC2R3J30PL,0,0,0,0,
,F12,P7,DC2,R3,J,19,R,0,F12P7DC2R3J19PR,0,0,0,0,
,F12,P7,DC2,R3,J,30,R,0,F12P7DC2R3J30PR,0,0,0,0,
,F12,P7,DC2,R3,K,19,L,1,F12P7DC2R3K19PL,0,0,0,0,
,F12,P7,DC2,R3,K,19,R,1,F12P7DC2R3K19PR,0,0,0,0,
,F12,P7,DC2,R3,K,22,L,1,F12P7DC2R3K22PL,0,0,0,0,
,F12,P7,DC2,R3,K,22,R,1,F12P7DC2R3K22PR,0,0,0,0,
,F12,P7,DC2,R3,K,27,L,1,F12P7DC2R3K27PL,0,0,0,0,
,F12,P7,DC2,R3,K,27,R,1,F12P7DC2R3K27PR,0,0,0,0,
,F12,P7,DC2,R3,K,30,L,1,F12P7DC2R3K30PL,0,0,0,0,
,F12,P7,DC2,R3,K,30,R,1,F12P7DC2R3K30PR,0,0,0,0,
,F12,P7,DC2,R3,L,19,L,1,F12P7DC2R3L19PL,0,0,0,0,
,F12,P7,DC2,R3,L,19,R,1,F12P7DC2R3L19PR,0,0,0,0,
,F12,P7,DC2,R3,L,27,L,1,F12P7DC2R3L27PL,0,0,0,0,
,F12,P7,DC2,R3,L,27,R,1,F12P7DC2R3L27PR,0,0,0,0,
,F12,P7,DC2,R3,L,30,L,1,F12P7DC2R3L30PL,0,0,0,0,
,F12,P7,DC2,R3,L,30,R,1,F12P7DC2R3L30PR,0,0,0,0,
,F12,P7,DC2,R3,L,22,L,0,F12P7DC2R3L22PL,0,0,0,0,
,F12,P7,DC2,R3,L,22,R,0,F12P7DC2R3L22PR,0,0,0,0,
,F12,P7,DC2,R3,M,19,L,1,F12P7DC2R3M19PL,0,0,0,0,
,F12,P7,DC2,R3,M,19,R,1,F12P7DC2R3M19PR,0,0,0,0,
,F12,P7,DC2,R3,M,22,L,1,F12P7DC2R3M22PL,0,0,0,0,
,F12,P7,DC2,R3,M,22,R,1,F12P7DC2R3M22PR,0,0,0,0,
,F12,P7,DC2,R3,M,30,L,1,F12P7DC2R3M30PL,0,0,0,0,
,F12,P7,DC2,R3,M,30,R,1,F12P7DC2R3M30PR,0,0,0,0,
,F12,P7,DC2,R3,M,27,L,0,F12P7DC2R3M27PL,0,0,0,0,
,F12,P7,DC2,R3,M,27,R,0,F12P7DC2R3M27PR,0,0,0,0,
,F12,P7,DC2,R3,N,19,L,1,F12P7DC2R3N19PL,0,0,0,0,
,F12,P7,DC2,R3,N,19,R,1,F12P7DC2R3N19PR,0,0,0,0,
,F12,P7,DC2,R3,N,22,L,1,F12P7DC2R3N22PL,0,0,0,0,
,F12,P7,DC2,R3,N,22,R,1,F12P7DC2R3N22PR,0,0,0,0,
,F12,P7,DC2,R3,N,27,L,1,F12P7DC2R3N27PL,0,0,0,0,
,F12,P7,DC2,R3,N,27,R,1,F12P7DC2R3N27PR,0,0,0,0,
,F12,P7,DC2,R3,N,30,L,1,F12P7DC2R3N30PL,0,0,0,0,
,F12,P7,DC2,R3,N,30,R,1,F12P7DC2R3N30PR,0,0,0,0,
,F12,P7,DC2,R3,O,22,L,1,F12P7DC2R3O22PL,0,0,0,0,
,F12,P7,DC2,R3,O,22,R,1,F12P7DC2R3O22PR,0,0,0,0,
,F12,P7,DC2,R3,O,27,L,1,F12P7DC2R3O27PL,0,0,0,0,
,F12,P7,DC2,R3,O,27,R,1,F12P7DC2R3O27PR,0,0,0,0,
,F12,P7,DC2,R3,O,19,L,0,F12P7DC2R3O19PL,0,0,0,0,
,F12,P7,DC2,R3,O,30,L,0,F12P7DC2R3O30PL,0,0,0,0,
,F12,P7,DC2,R3,O,19,R,0,F12P7DC2R3O19PR,0,0,0,0,
,F12,P7,DC2,R3,O,30,R,0,F12P7DC2R3O30PR,0,0,0,0,
,F12,P7,DC2,R3,P,19,L,1,F12P7DC2R3P19PL,0,0,0,0,
,F12,P7,DC2,R3,P,19,R,1,F12P7DC2R3P19PR,0,0,0,0,
,F12,P7,DC2,R3,P,22,L,1,F12P7DC2R3P22PL,0,0,0,0,
,F12,P7,DC2,R3,P,22,R,1,F12P7DC2R3P22PR,0,0,0,0,
,F12,P7,DC2,R3,P,27,L,1,F12P7DC2R3P27PL,0,0,0,0,
,F12,P7,DC2,R3,P,27,R,1,F12P7DC2R3P27PR,0,0,0,0,
,F12,P7,DC2,R3,P,30,L,1,F12P7DC2R3P30PL,0,0,0,0,
,F12,P7,DC2,R3,P,30,R,1,F12P7DC2R3P30PR,0,0,0,0,
,F12,P7,DC2,R3,Q,19,L,1,F12P7DC2R3Q19PL,0,0,0,0,
,F12,P7,DC2,R3,Q,19,R,1,F12P7DC2R3Q19PR,0,0,0,0,
,F12,P7,DC2,R3,Q,27,L,1,F12P7DC2R3Q27PL,0,0,0,0,
,F12,P7,DC2,R3,Q,27,R,1,F12P7DC2R3Q27PR,0,0,0,0,
,F12,P7,DC2,R3,Q,30,L,1,F12P7DC2R3Q30PL,0,0,0,0,
,F12,P7,DC2,R3,Q,30,R,1,F12P7DC2R3Q30PR,0,0,0,0,
,F12,P7,DC2,R3,Q,22,L,0,F12P7DC2R3Q22PL,0,0,0,0,
,F12,P7,DC2,R3,Q,22,R,0,F12P7DC2R3Q22PR,0,0,0,0,
,F12,P7,DC2,R3,R,19,L,1,F12P7DC2R3R19PL,0,0,0,0,
,F12,P7,DC2,R3,R,19,R,1,F12P7DC2R3R19PR,0,0,0,0,
,F12,P7,DC2,R3,R,22,L,1,F12P7DC2R3R22PL,0,0,0,0,
,F12,P7,DC2,R3,R,22,R,1,F12P7DC2R3R22PR,0,0,0,0,
,F12,P7,DC2,R3,R,30,L,1,F12P7DC2R3R30PL,0,0,0,0,
,F12,P7,DC2,R3,R,30,R,1,F12P7DC2R3R30PR,0,0,0,0,
,F12,P7,DC2,R3,R,27,L,0,F12P7DC2R3R27PL,0,0,0,0,
,F12,P7,DC2,R3,R,27,R,0,F12P7DC2R3R27PR,0,0,0,0,
,F12,P7,DC2,R3,S,19,L,1,F12P7DC2R3S19PL,0,0,0,0,
,F12,P7,DC2,R3,S,19,R,1,F12P7DC2R3S19PR,0,0,0,0,
,F12,P7,DC2,R3,S,22,L,1,F12P7DC2R3S22PL,0,0,0,0,
,F12,P7,DC2,R3,S,22,R,1,F12P7DC2R3S22PR,0,0,0,0,
,F12,P7,DC2,R3,S,27,L,1,F12P7DC2R3S27PL,0,0,0,0,
,F12,P7,DC2,R3,S,27,R,1,F12P7DC2R3S27PR,0,0,0,0,
,F12,P7,DC2,R3,S,30,L,1,F12P7DC2R3S30PL,0,0,0,0,
,F12,P7,DC2,R3,S,30,R,1,F12P7DC2R3S30PR,0,0,0,0,
,F12,P7,DC2,R3,T,22,L,1,F12P7DC2R3T22PL,0,0,0,0,
,F12,P7,DC2,R3,T,22,R,1,F12P7DC2R3T22PR,0,0,0,0,
,F12,P7,DC2,R3,T,27,L,1,F12P7DC2R3T27PL,0,0,0,0,
,F12,P7,DC2,R3,T,27,R,1,F12P7DC2R3T27PR,0,0,0,0,
,F12,P7,DC2,R3,T,19,L,0,F12P7DC2R3T19PL,0,0,0,0,
,F12,P7,DC2,R3,T,30,L,0,F12P7DC2R3T30PL,0,0,0,0,
,F12,P7,DC2,R3,T,19,R,0,F12P7DC2R3T19PR,0,0,0,0,
,F12,P7,DC2,R3,T,30,R,0,F12P7DC2R3T30PR,0,0,0,0,
,F12,P7,DC2,R3,U,19,L,1,F12P7DC2R3U19PL,0,0,0,0,
,F12,P7,DC2,R3,U,19,R,1,F12P7DC2R3U19PR,0,0,0,0,
,F12,P7,DC2,R3,U,22,L,1,F12P7DC2R3U22PL,0,0,0,0,
,F12,P7,DC2,R3,U,22,R,1,F12P7DC2R3U22PR,0,0,0,0,
,F12,P7,DC2,R3,U,27,L,1,F12P7DC2R3U27PL,0,0,0,0,
,F12,P7,DC2,R3,U,27,R,1,F12P7DC2R3U27PR,0,0,0,0,
,F12,P7,DC2,R3,U,30,L,1,F12P7DC2R3U30PL,0,0,0,0,
,F12,P7,DC2,R3,U,30,R,1,F12P7DC2R3U30PR,0,0,0,0,
,F12,P7,DC2,R3,V,19,L,1,F12P7DC2R3V19PL,0,0,0,0,
,F12,P7,DC2,R3,V,19,R,1,F12P7DC2R3V19PR,0,0,0,0,
,F12,P7,DC2,R3,V,27,L,1,F12P7DC2R3V27PL,0,0,0,0,
,F12,P7,DC2,R3,V,27,R,1,F12P7DC2R3V27PR,0,0,0,0,
,F12,P7,DC2,R3,V,30,L,1,F12P7DC2R3V30PL,0,0,0,0,
,F12,P7,DC2,R3,V,30,R,1,F12P7DC2R3V30PR,0,0,0,0,
,F12,P7,DC2,R3,V,22,L,0,F12P7DC2R3V22PL,0,0,0,0,
,F12,P7,DC2,R3,V,22,R,0,F12P7DC2R3V22PR,0,0,0,0,
,F12,P7,DC2,R3,W,19,L,1,F12P7DC2R3W19PL,0,0,0,0,
,F12,P7,DC2,R3,W,19,R,1,F12P7DC2R3W19PR,0,0,0,0,
,F12,P7,DC2,R3,W,22,L,1,F12P7DC2R3W22PL,0,0,0,0,
,F12,P7,DC2,R3,W,22,R,1,F12P7DC2R3W22PR,0,0,0,0,
,F12,P7,DC2,R3,W,30,L,1,F12P7DC2R3W30PL,0,0,0,0,
,F12,P7,DC2,R3,W,30,R,1,F12P7DC2R3W30PR,0,0,0,0,
,F12,P7,DC2,R3,W,27,L,0,F12P7DC2R3W27PL,0,0,0,0,
,F12,P7,DC2,R3,W,27,R,0,F12P7DC2R3W27PR,0,0,0,0,
,F12,P7,DC2,R3,Y,22,L,1,F12P7DC2R3Y22PL,0,0,0,0,
,F12,P7,DC2,R3,Y,22,R,1,F12P7DC2R3Y22PR,0,0,0,0,
,F12,P7,DC2,R3,Y,27,L,1,F12P7DC2R3Y27PL,0,0,0,0,
,F12,P7,DC2,R3,Y,27,R,1,F12P7DC2R3Y27PR,0,0,0,0,
,F12,P7,DC2,R3,Y,19,L,0,F12P7DC2R3Y19PL,0,0,0,0,
,F12,P7,DC2,R3,Y,30,L,0,F12P7DC2R3Y30PL,0,0,0,0,
,F12,P7,DC2,R3,Y,19,R,0,F12P7DC2R3Y19PR,0,0,0,0,
,F12,P7,DC2,R3,Y,30,R,0,F12P7DC2R3Y30PR,0,0,0,0,
,F12,P7,DC2,R3,Z,19,L,1,F12P7DC2R3Z19PL,0,0,0,0,
,F12,P7,DC2,R3,Z,19,R,1,F12P7DC2R3Z19PR,0,0,0,0,
,F12,P7,DC2,R3,Z,27,L,1,F12P7DC2R3Z27PL,0,0,0,0,
,F12,P7,DC2,R3,Z,27,R,1,F12P7DC2R3Z27PR,0,0,0,0,
,F12,P7,DC2,R3,Z,30,L,1,F12P7DC2R3Z30PL,0,0,0,0,
,F12,P7,DC2,R3,Z,30,R,1,F12P7DC2R3Z30PR,0,0,0,0,
,F12,P7,DC2,R3,Z,22,L,0,F12P7DC2R3Z22PL,0,0,0,0,
,F12,P7,DC2,R3,Z,22,R,0,F12P7DC2R3Z22PR,0,0,0,0,
,F12,P7,DC2,R4,J,7,L,1,F12P7DC2R4J7PL,0,0,0,0,
,F12,P7,DC2,R4,J,7,R,1,F12P7DC2R4J7PR,0,0,0,0,
,F12,P7,DC2,R4,J,12,L,1,F12P7DC2R4J12PL,0,0,0,0,
,F12,P7,DC2,R4,J,12,R,1,F12P7DC2R4J12PR,0,0,0,0,
,F12,P7,DC2,R4,J,4,L,0,F12P7DC2R4J4PL,0,0,0,0,
,F12,P7,DC2,R4,J,4,R,0,F12P7DC2R4J4PR,0,0,0,0,
,F12,P7,DC2,R4,K,4,L,1,F12P7DC2R4K4PL,0,0,0,0,
,F12,P7,DC2,R4,K,4,R,1,F12P7DC2R4K4PR,0,0,0,0,
,F12,P7,DC2,R4,K,7,L,1,F12P7DC2R4K7PL,0,0,0,0,
,F12,P7,DC2,R4,K,7,R,1,F12P7DC2R4K7PR,0,0,0,0,
,F12,P7,DC2,R4,K,12,L,0,F12P7DC2R4K12PL,0,0,0,0,
,F12,P7,DC2,R4,K,12,R,0,F12P7DC2R4K12PR,0,0,0,0,
,F12,P7,DC2,R4,L,4,L,1,F12P7DC2R4L4PL,0,0,0,0,
,F12,P7,DC2,R4,L,4,R,1,F12P7DC2R4L4PR,0,0,0,0,
,F12,P7,DC2,R4,L,12,L,1,F12P7DC2R4L12PL,0,0,0,0,
,F12,P7,DC2,R4,L,12,R,1,F12P7DC2R4L12PR,0,0,0,0,
,F12,P7,DC2,R4,L,7,L,0,F12P7DC2R4L7PL,0,0,0,0,
,F12,P7,DC2,R4,L,7,R,0,F12P7DC2R4L7PR,0,0,0,0,
,F12,P7,DC2,R4,M,4,L,1,F12P7DC2R4M4PL,0,0,0,0,
,F12,P7,DC2,R4,M,4,R,1,F12P7DC2R4M4PR,0,0,0,0,
,F12,P7,DC2,R4,M,7,L,1,F12P7DC2R4M7PL,0,0,0,0,
,F12,P7,DC2,R4,M,7,R,1,F12P7DC2R4M7PR,0,0,0,0,
,F12,P7,DC2,R4,M,12,L,1,F12P7DC2R4M12PL,0,0,0,0,
,F12,P7,DC2,R4,M,12,R,1,F12P7DC2R4M12PR,0,0,0,0,
,F12,P7,DC2,R4,N,4,L,1,F12P7DC2R4N4PL,0,0,0,0,
,F12,P7,DC2,R4,N,4,R,1,F12P7DC2R4N4PR,0,0,0,0,
,F12,P7,DC2,R4,N,7,L,1,F12P7DC2R4N7PL,0,0,0,0,
,F12,P7,DC2,R4,N,7,R,1,F12P7DC2R4N7PR,0,0,0,0,
,F12,P7,DC2,R4,N,12,L,1,F12P7DC2R4N12PL,0,0,0,0,
,F12,P7,DC2,R4,N,12,R,1,F12P7DC2R4N12PR,0,0,0,0,
,F12,P7,DC2,R4,O,7,L,1,F12P7DC2R4O7PL,0,0,0,0,
,F12,P7,DC2,R4,O,7,R,1,F12P7DC2R4O7PR,0,0,0,0,
,F12,P7,DC2,R4,O,12,L,1,F12P7DC2R4O12PL,0,0,0,0,
,F12,P7,DC2,R4,O,12,R,1,F12P7DC2R4O12PR,0,0,0,0,
,F12,P7,DC2,R4,O,4,L,0,F12P7DC2R4O4PL,0,0,0,0,
,F12,P7,DC2,R4,O,4,R,0,F12P7DC2R4O4PR,0,0,0,0,
,F12,P7,DC2,R4,P,4,L,1,F12P7DC2R4P4PL,0,0,0,0,
,F12,P7,DC2,R4,P,4,R,1,F12P7DC2R4P4PR,0,0,0,0,
,F12,P7,DC2,R4,P,7,L,1,F12P7DC2R4P7PL,0,0,0,0,
,F12,P7,DC2,R4,P,7,R,1,F12P7DC2R4P7PR,0,0,0,0,
,F12,P7,DC2,R4,P,12,L,0,F12P7DC2R4P12PL,0,0,0,0,
,F12,P7,DC2,R4,P,12,R,0,F12P7DC2R4P12PR,0,0,0,0,
,F12,P7,DC2,R4,Q,4,L,1,F12P7DC2R4Q4PL,0,0,0,0,
,F12,P7,DC2,R4,Q,4,R,1,F12P7DC2R4Q4PR,0,0,0,0,
,F12,P7,DC2,R4,Q,12,L,1,F12P7DC2R4Q12PL,0,0,0,0,
,F12,P7,DC2,R4,Q,12,R,1,F12P7DC2R4Q12PR,0,0,0,0,
,F12,P7,DC2,R4,Q,7,L,0,F12P7DC2R4Q7PL,0,0,0,0,
,F12,P7,DC2,R4,Q,7,R,0,F12P7DC2R4Q7PR,0,0,0,0,
,F12,P7,DC2,R4,R,4,L,1,F12P7DC2R4R4PL,0,0,0,0,
,F12,P7,DC2,R4,R,4,R,1,F12P7DC2R4R4PR,0,0,0,0,
,F12,P7,DC2,R4,R,7,L,1,F12P7DC2R4R7PL,0,0,0,0,
,F12,P7,DC2,R4,R,7,R,1,F12P7DC2R4R7PR,0,0,0,0,
,F12,P7,DC2,R4,R,12,L,1,F12P7DC2R4R12PL,0,0,0,0,
,F12,P7,DC2,R4,R,12,R,1,F12P7DC2R4R12PR,0,0,0,0,
,F12,P7,DC2,R4,S,4,L,1,F12P7DC2R4S4PL,0,0,0,0,
,F12,P7,DC2,R4,S,4,R,1,F12P7DC2R4S4PR,0,0,0,0,
,F12,P7,DC2,R4,S,7,L,1,F12P7DC2R4S7PL,0,0,0,0,
,F12,P7,DC2,R4,S,7,R,1,F12P7DC2R4S7PR,0,0,0,0,
,F12,P7,DC2,R4,S,12,L,1,F12P7DC2R4S12PL,0,0,0,0,
,F12,P7,DC2,R4,S,12,R,1,F12P7DC2R4S12PR,0,0,0,0,
,F12,P7,DC2,R4,T,7,L,1,F12P7DC2R4T7PL,0,0,0,0,
,F12,P7,DC2,R4,T,7,R,1,F12P7DC2R4T7PR,0,0,0,0,
,F12,P7,DC2,R4,T,12,L,1,F12P7DC2R4T12PL,0,0,0,0,
,F12,P7,DC2,R4,T,12,R,1,F12P7DC2R4T12PR,0,0,0,0,
,F12,P7,DC2,R4,T,4,L,0,F12P7DC2R4T4PL,0,0,0,0,
,F12,P7,DC2,R4,T,4,R,0,F12P7DC2R4T4PR,0,0,0,0,
,F12,P7,DC2,R4,U,4,L,1,F12P7DC2R4U4PL,0,0,0,0,
,F12,P7,DC2,R4,U,4,R,1,F12P7DC2R4U4PR,0,0,0,0,
,F12,P7,DC2,R4,U,7,L,1,F12P7DC2R4U7PL,0,0,0,0,
,F12,P7,DC2,R4,U,7,R,1,F12P7DC2R4U7PR,0,0,0,0,
,F12,P7,DC2,R4,U,12,L,0,F12P7DC2R4U12PL,0,0,0,0,
,F12,P7,DC2,R4,U,12,R,0,F12P7DC2R4U12PR,0,0,0,0,
,F12,P7,DC2,R4,V,12,L,1,F12P7DC2R4V12PL,0,0,0,0,
,F12,P7,DC2,R4,V,12,R,1,F12P7DC2R4V12PR,0,0,0,0,
,F12,P7,DC2,R4,V,7,L,0,F12P7DC2R4V7PL,0,0,0,0,
,F12,P7,DC2,R4,V,7,R,0,F12P7DC2R4V7PR,0,0,0,0,
,F12,P7,DC2,R4,W,7,L,1,F12P7DC2R4W7PL,0,0,0,0,
,F12,P7,DC2,R4,W,7,R,1,F12P7DC2R4W7PR,0,0,0,0,
,F12,P7,DC2,R4,W,12,L,1,F12P7DC2R4W12PL,0,0,0,0,
,F12,P7,DC2,R4,W,12,R,1,F12P7DC2R4W12PR,0,0,0,0,