factory,phase,datacenter,room,row,col,side
F12,P7,DC1,R0,D,27,L
F12,P7,DC1,R0,D,27,R
F12,P7,DC1,R0,D,30,L
F12,P7,DC1,R0,D,30,R
F12,P7,DC1,R0,E,27,L
F12,P7,DC1,R0,E,27,R
F12,P7,DC1,R0,E,30,L
F12,P7,DC1,R0,E,30,R
F12,P7,DC1,R0,F,27,L
F12,P7,DC1,R0,F,27,R
F12,P7,DC1,R0,F,30,L
F12,P7,DC1,R0,F,30,R
F12,P7,DC1,R0,G,27,L
F12,P7,DC1,R0,G,27,R
F12,P7,DC1,R0,G,30,L
F12,P7,DC1,R0,G,30,R
F12,P7,DC1,R0,H,27,L
F12,P7,DC1,R0,H,27,R
F12,P7,DC1,R0,H,30,L
F12,P7,DC1,R0,H,30,R
F12,P7,DC1,R0,I,27,L
F12,P7,DC1,R0,I,27,R
F12,P7,DC1,R0,I,30,L
F12,P7,DC1,R0,I,30,R
F12,P7,DC1,R0,J,27,L
F12,P7,DC1,R0,J,27,R
F12,P7,DC1,R0,J,30,L
F12,P7,DC1,R0,J,30,R
F12,P7,DC1,R0,K,27,L
F12,P7,DC1,R0,K,27,R
F12,P7,DC1,R0,K,30,L
F12,P7,DC1,R0,K,30,R
F12,P7,DC1,R0,L,27,L
F12,P7,DC1,R0,L,27,R
F12,P7,DC1,R0,L,30,L
F12,P7,DC1,R0,L,30,R
F12,P7,DC1,R0,M,27,L
F12,P7,DC1,R0,M,27,R
F12,P7,DC1,R0,M,30,L
F12,P7,DC1,R0,M,30,R
F12,P7,DC1,R0,N,27,L
F12,P7,DC1,R0,N,27,R
F12,P7,DC1,R0,N,30,L
F12,P7,DC1,R0,N,30,R
F12,P7,DC1,R1,C,102,L
F12,P7,DC1,R1,C,102,R
F12,P7,DC1,R1,C,107,L
F12,P7,DC1,R1,C,107,R
F12,P7,DC1,R1,C,99,L
F12,P7,DC1,R1,C,99,R
F12,P7,DC1,R1,D,107,L
F12,P7,DC1,R1,D,107,R
F12,P7,DC1,R1,D,99,L
F12,P7,DC1,R1,D,99,R
F12,P7,DC1,R1,E,102,L
F12,P7,DC1,R1,E,102,R
F12,P7,DC1,R1,E,110,L
F12,P7,DC1,R1,E,110,R
F12,P7,DC1,R1,F,102,L
F12,P7,DC1,R1,F,102,R
F12,P7,DC1,R1,F,107,L
F12,P7,DC1,R1,F,107,R
F12,P7,DC1,R1,F,110,L
F12,P7,DC1,R1,F,110,R
F12,P7,DC1,R1,F,99,L
F12,P7,DC1,R1,F,99,R
F12,P7,DC1,R1,G,107,L
F12,P7,DC1,R1,G,107,R
F12,P7,DC1,R1,G,99,L
F12,P7,DC1,R1,G,99,R
F12,P7,DC1,R1,H,102,L
F12,P7,DC1,R1,H,102,R
F12,P7,DC1,R1,H,107,L
F12,P7,DC1,R1,H,107,R
F12,P7,DC1,R1,H,110,L
F12,P7,DC1,R1,H,110,R
F12,P7,DC1,R1,H,99,L
F12,P7,DC1,R1,H,99,R
F12,P7,DC1,R1,I,102,L
F12,P7,DC1,R1,I,102,R
F12,P7,DC1,R1,I,110,L
F12,P7,DC1,R1,I,110,R
F12,P7,DC1,R1,J,102,L
F12,P7,DC1,R1,J,102,R
F12,P7,DC1,R1,J,107,L
F12,P7,DC1,R1,J,107,R
F12,P7,DC1,R1,J,110,L
F12,P7,DC1,R1,J,110,R
F12,P7,DC1,R1,J,99,L
F12,P7,DC1,R1,J,99,R
F12,P7,DC1,R1,K,107,L
F12,P7,DC1,R1,K,107,R
F12,P7,DC1,R1,K,99,L
F12,P7,DC1,R1,K,99,R
F12,P7,DC1,R1,L,102,L
F12,P7,DC1,R1,L,102,R
F12,P7,DC1,R1,L,107,L
F12,P7,DC1,R1,L,107,R
F12,P7,DC1,R1,L,110,L
F12,P7,DC1,R1,L,110,R
F12,P7,DC1,R1,L,99,L
F12,P7,DC1,R1,L,99,R
F12,P7,DC1,R1,M,102,L
F12,P7,DC1,R1,M,102,R
F12,P7,DC1,R1,M,110,L
F12,P7,DC1,R1,M,110,R
F12,P7,DC1,R1,N,107,L
F12,P7,DC1,R1,N,107,R
F12,P7,DC1,R1,N,99,L
F12,P7,DC1,R1,N,99,R
F12,P7,DC1,R1,O,102,L
F12,P7,DC1,R1,O,102,R
F12,P7,DC1,R1,O,107,L
F12,P7,DC1,R1,O,107,R
F12,P7,DC1,R1,O,99,L
F12,P7,DC1,R1,O,99,R
F12,P7,DC1,R1,R,102,L
F12,P7,DC1,R1,R,102,R
F12,P7,DC1,R1,R,107,L
F12,P7,DC1,R1,R,107,R
F12,P7,DC1,R1,R,110,L
F12,P7,DC1,R1,R,110,R
F12,P7,DC1,R1,R,99,L
F12,P7,DC1,R1,R,99,R
F12,P7,DC1,R1,S,107,L
F12,P7,DC1,R1,S,107,R
F12,P7,DC1,R1,S,99,L
F12,P7,DC1,R1,S,99,R
F12,P7,DC1,R1,T,102,L
F12,P7,DC1,R1,T,102,R
F12,P7,DC1,R1,T,110,L
F12,P7,DC1,R1,T,110,R
F12,P7,DC1,R1,U,102,L
F12,P7,DC1,R1,U,102,R
F12,P7,DC1,R1,U,107,L
F12,P7,DC1,R1,U,107,R
F12,P7,DC1,R1,U,110,L
F12,P7,DC1,R1,U,110,R
F12,P7,DC1,R1,U,99,L
F12,P7,DC1,R1,U,99,R
F12,P7,DC1,R1,V,107,L
F12,P7,DC1,R1,V,107,R
F12,P7,DC1,R1,V,99,L
F12,P7,DC1,R1,V,99,R
F12,P7,DC1,R1,W,102,L
F12,P7,DC1,R1,W,102,R
F12,P7,DC1,R1,W,107,L
F12,P7,DC1,R1,W,107,R
F12,P7,DC1,R1,W,110,L
F12,P7,DC1,R1,W,110,R
F12,P7,DC1,R1,W,99,L
F12,P7,DC1,R1,W,99,R
F12,P7,DC1,R1,X,102,L
F12,P7,DC1,R1,X,102,R
F12,P7,DC1,R1,X,11,L
F12,P7,DC1,R1,X,11,R
F12,P7,DC1,R1,X,110,L
F12,P7,DC1,R1,X,110,R
F12,P7,DC1,R1,X,12,L
F12,P7,DC1,R1,X,12,R
F12,P7,DC1,R1,X,13,L
F12,P7,DC1,R1,X,13,R
F12,P7,DC1,R1,X,14,L
F12,P7,DC1,R1,X,14,R
F12,P7,DC1,R1,X,15,L
F12,P7,DC1,R1,X,15,R
F12,P7,DC1,R1,X,16,L
F12,P7,DC1,R1,X,16,R
F12,P7,DC1,R1,X,17,L
F12,P7,DC1,R1,X,17,R
F12,P7,DC1,R1,X,18,L
F12,P7,DC1,R1,X,18,R
F12,P7,DC1,R1,Y,107,L
F12,P7,DC1,R1,Y,107,R
F12,P7,DC1,R1,Y,99,L
F12,P7,DC1,R1,Y,99,R
F12,P7,DC1,R1,Z,102,L
F12,P7,DC1,R1,Z,102,R
F12,P7,DC1,R1,Z,107,L
F12,P7,DC1,R1,Z,107,R
F12,P7,DC1,R1,Z,99,L
F12,P7,DC1,R1,Z,99,R
F12,P7,DC1,R2,C,83,L
F12,P7,DC1,R2,C,83,R
F12,P7,DC1,R2,C,86,L
F12,P7,DC1,R2,C,86,R
F12,P7,DC1,R2,C,91,L
F12,P7,DC1,R2,C,91,R
F12,P7,DC1,R2,C,94,L
F12,P7,DC1,R2,C,94,R
F12,P7,DC1,R2,D,83,L
F12,P7,DC1,R2,D,83,R
F12,P7,DC1,R2,D,91,L
F12,P7,DC1,R2,D,91,R
F12,P7,DC1,R2,E,86,L
F12,P7,DC1,R2,E,86,R
F12,P7,DC1,R2,E,94,L
F12,P7,DC1,R2,E,94,R
F12,P7,DC1,R2,F,83,L
F12,P7,DC1,R2,F,83,R
F12,P7,DC1,R2,F,86,L
F12,P7,DC1,R2,F,86,R
F12,P7,DC1,R2,F,91,L
F12,P7,DC1,R2,F,91,R
F12,P7,DC1,R2,F,94,L
F12,P7,DC1,R2,F,94,R
F12,P7,DC1,R2,G,83,L
F12,P7,DC1,R2,G,83,R
F12,P7,DC1,R2,G,91,L
F12,P7,DC1,R2,G,91,R
F12,P7,DC1,R2,H,83,L
F12,P7,DC1,R2,H,83,R
F12,P7,DC1,R2,H,86,L
F12,P7,DC1,R2,H,86,R
F12,P7,DC1,R2,H,91,L
F12,P7,DC1,R2,H,91,R
F12,P7,DC1,R2,H,94,L
F12,P7,DC1,R2,H,94,R
F12,P7,DC1,R2,I,86,L
F12,P7,DC1,R2,I,86,R
F12,P7,DC1,R2,I,94,L
F12,P7,DC1,R2,I,94,R
F12,P7,DC1,R2,J,83,L
F12,P7,DC1,R2,J,83,R
F12,P7,DC1,R2,J,86,L
F12,P7,DC1,R2,J,86,R
F12,P7,DC1,R2,J,91,L
F12,P7,DC1,R2,J,91,R
F12,P7,DC1,R2,J,94,L
F12,P7,DC1,R2,J,94,R
F12,P7,DC1,R2,K,83,L
F12,P7,DC1,R2,K,83,R
F12,P7,DC1,R2,K,91,L
F12,P7,DC1,R2,K,91,R
F12,P7,DC1,R2,L,83,L
F12,P7,DC1,R2,L,83,R
F12,P7,DC1,R2,L,86,L
F12,P7,DC1,R2,L,86,R
F12,P7,DC1,R2,L,91,L
F12,P7,DC1,R2,L,91,R
F12,P7,DC1,R2,L,94,L
F12,P7,DC1,R2,L,94,R
F12,P7,DC1,R2,M,86,L
F12,P7,DC1,R2,M,86,R
F12,P7,DC1,R2,M,94,L
F12,P7,DC1,R2,M,94,R
F12,P7,DC1,R2,N,83,L
F12,P7,DC1,R2,N,83,R
F12,P7,DC1,R2,N,91,L
F12,P7,DC1,R2,N,91,R
F12,P7,DC1,R2,O,83,L
F12,P7,DC1,R2,O,83,R
F12,P7,DC1,R2,O,86,L
F12,P7,DC1,R2,O,86,R
F12,P7,DC1,R2,O,91,L
F12,P7,DC1,R2,O,91,R
F12,P7,DC1,R2,O,94,L
F12,P7,DC1,R2,O,94,R
F12,P7,DC1,R2,R,83,L
F12,P7,DC1,R2,R,83,R
F12,P7,DC1,R2,R,86,L
F12,P7,DC1,R2,R,86,R
F12,P7,DC1,R2,R,91,L
F12,P7,DC1,R2,R,91,R
F12,P7,DC1,R2,R,94,L
F12,P7,DC1,R2,R,94,R
F12,P7,DC1,R2,S,83,L
F12,P7,DC1,R2,S,83,R
F12,P7,DC1,R2,S,91,L
F12,P7,DC1,R2,S,91,R
F12,P7,DC1,R2,T,86,L
F12,P7,DC1,R2,T,86,R
F12,P7,DC1,R2,T,94,L
F12,P7,DC1,R2,T,94,R
F12,P7,DC1,R2,U,83,L
F12,P7,DC1,R2,U,83,R
F12,P7,DC1,R2,U,86,L
F12,P7,DC1,R2,U,86,R
F12,P7,DC1,R2,U,91,L
F12,P7,DC1,R2,U,91,R
F12,P7,DC1,R2,U,94,L
F12,P7,DC1,R2,U,94,R
F12,P7,DC1,R2,V,83,L
F12,P7,DC1,R2,V,83,R
F12,P7,DC1,R2,V,91,L
F12,P7,DC1,R2,V,91,R
F12,P7,DC1,R2,W,83,L
F12,P7,DC1,R2,W,83,R
F12,P7,DC1,R2,W,86,L
F12,P7,DC1,R2,W,86,R
F12,P7,DC1,R2,W,91,L
F12,P7,DC1,R2,W,91,R
F12,P7,DC1,R2,W,94,L
F12,P7,DC1,R2,W,94,R
F12,P7,DC1,R2,X,21,L
F12,P7,DC1,R2,X,21,R
F12,P7,DC1,R2,X,22,L
F12,P7,DC1,R2,X,22,R
F12,P7,DC1,R2,X,23,L
F12,P7,DC1,R2,X,23,R
F12,P7,DC1,R2,X,24,L
F12,P7,DC1,R2,X,24,R
F12,P7,DC1,R2,X,25,L
F12,P7,DC1,R2,X,25,R
F12,P7,DC1,R2,X,26,L
F12,P7,DC1,R2,X,26,R
F12,P7,DC1,R2,X,27,L
F12,P7,DC1,R2,X,27,R
F12,P7,DC1,R2,X,28,L
F12,P7,DC1,R2,X,28,R
F12,P7,DC1,R2,X,83,L
F12,P7,DC1,R2,X,83,R
F12,P7,DC1,R2,X,86,L
F12,P7,DC1,R2,X,86,R
F12,P7,DC1,R2,X,94,L
F12,P7,DC1,R2,X,94,R
F12,P7,DC1,R2,Y,91,L
F12,P7,DC1,R2,Y,91,R
F12,P7,DC1,R2,Z,83,L
F12,P7,DC1,R2,Z,83,R
F12,P7,DC1,R2,Z,86,L
F12,P7,DC1,R2,Z,86,R
F12,P7,DC1,R2,Z,91,L
F12,P7,DC1,R2,Z,91,R
F12,P7,DC1,R2,Z,94,L
F12,P7,DC1,R2,Z,94,R
F12,P7,DC1,R3,C,67,L
F12,P7,DC1,R3,C,67,R
F12,P7,DC1,R3,C,70,L
F12,P7,DC1,R3,C,70,R
F12,P7,DC1,R3,C,78,L
F12,P7,DC1,R3,C,78,R
F12,P7,DC1,R3,D,70,L
F12,P7,DC1,R3,D,70,R
F12,P7,DC1,R3,D,75,L
F12,P7,DC1,R3,D,75,R
F12,P7,DC1,R3,E,67,L
F12,P7,DC1,R3,E,67,R
F12,P7,DC1,R3,E,75,L
F12,P7,DC1,R3,E,75,R
F12,P7,DC1,R3,E,78,L
F12,P7,DC1,R3,E,78,R
F12,P7,DC1,R3,F,67,L
F12,P7,DC1,R3,F,67,R
F12,P7,DC1,R3,F,70,L
F12,P7,DC1,R3,F,70,R
F12,P7,DC1,R3,F,78,L
F12,P7,DC1,R3,F,78,R
F12,P7,DC1,R3,G,70,L
F12,P7,DC1,R3,G,70,R
F12,P7,DC1,R3,G,75,L
F12,P7,DC1,R3,G,75,R
F12,P7,DC1,R3,H,67,L
F12,P7,DC1,R3,H,67,R
F12,P7,DC1,R3,H,75,L
F12,P7,DC1,R3,H,75,R
F12,P7,DC1,R3,H,78,L
F12,P7,DC1,R3,H,78,R
F12,P7,DC1,R3,I,67,L
F12,P7,DC1,R3,I,67,R
F12,P7,DC1,R3,I,70,L
F12,P7,DC1,R3,I,70,R
F12,P7,DC1,R3,I,78,L
F12,P7,DC1,R3,I,78,R
F12,P7,DC1,R3,J,67,L
F12,P7,DC1,R3,J,67,R
F12,P7,DC1,R3,J,70,L
F12,P7,DC1,R3,J,70,R
F12,P7,DC1,R3,J,75,L
F12,P7,DC1,R3,J,75,R
F12,P7,DC1,R3,J,78,L
F12,P7,DC1,R3,J,78,R
F12,P7,DC1,R3,K,70,L
F12,P7,DC1,R3,K,70,R
F12,P7,DC1,R3,K,75,L
F12,P7,DC1,R3,K,75,R
F12,P7,DC1,R3,L,67,L
F12,P7,DC1,R3,L,67,R
F12,P7,DC1,R3,L,75,L
F12,P7,DC1,R3,L,75,R
F12,P7,DC1,R3,L,78,L
F12,P7,DC1,R3,L,78,R
F12,P7,DC1,R3,M,67,L
F12,P7,DC1,R3,M,67,R
F12,P7,DC1,R3,M,70,L
F12,P7,DC1,R3,M,70,R
F12,P7,DC1,R3,M,78,L
F12,P7,DC1,R3,M,78,R
F12,P7,DC1,R3,N,70,L
F12,P7,DC1,R3,N,70,R
F12,P7,DC1,R3,N,75,L
F12,P7,DC1,R3,N,75,R
F12,P7,DC1,R3,O,67,L
F12,P7,DC1,R3,O,67,R
F12,P7,DC1,R3,O,75,L
F12,P7,DC1,R3,O,75,R
F12,P7,DC1,R3,O,78,L
F12,P7,DC1,R3,O,78,R
F12,P7,DC1,R3,R,67,L
F12,P7,DC1,R3,R,67,R
F12,P7,DC1,R3,R,70,L
F12,P7,DC1,R3,R,70,R
F12,P7,DC1,R3,R,75,L
F12,P7,DC1,R3,R,75,R
F12,P7,DC1,R3,R,78,L
F12,P7,DC1,R3,R,78,R
F12,P7,DC1,R3,S,67,L
F12,P7,DC1,R3,S,67,R
F12,P7,DC1,R3,S,75,L
F12,P7,DC1,R3,S,75,R
F12,P7,DC1,R3,T,70,L
F12,P7,DC1,R3,T,70,R
F12,P7,DC1,R3,T,78,L
F12,P7,DC1,R3,T,78,R
F12,P7,DC1,R3,U,67,L
F12,P7,DC1,R3,U,67,R
F12,P7,DC1,R3,U,70,L
F12,P7,DC1,R3,U,70,R
F12,P7,DC1,R3,U,75,L
F12,P7,DC1,R3,U,75,R
F12,P7,DC1,R3,U,78,L
F12,P7,DC1,R3,U,78,R
F12,P7,DC1,R3,V,67,L
F12,P7,DC1,R3,V,67,R
F12,P7,DC1,R3,V,75,L
F12,P7,DC1,R3,V,75,R
F12,P7,DC1,R3,W,67,L
F12,P7,DC1,R3,W,67,R
F12,P7,DC1,R3,W,70,L
F12,P7,DC1,R3,W,70,R
F12,P7,DC1,R3,W,75,L
F12,P7,DC1,R3,W,75,R
F12,P7,DC1,R3,W,78,L
F12,P7,DC1,R3,W,78,R
F12,P7,DC1,R3,X,31,L
F12,P7,DC1,R3,X,31,R
F12,P7,DC1,R3,X,32,L
F12,P7,DC1,R3,X,32,R
F12,P7,DC1,R3,X,33,L
F12,P7,DC1,R3,X,33,R
F12,P7,DC1,R3,X,34,L
F12,P7,DC1,R3,X,34,R
F12,P7,DC1,R3,X,35,L
F12,P7,DC1,R3,X,35,R
F12,P7,DC1,R3,X,36,L
F12,P7,DC1,R3,X,36,R
F12,P7,DC1,R3,X,37,L
F12,P7,DC1,R3,X,37,R
F12,P7,DC1,R3,X,38,L
F12,P7,DC1,R3,X,38,R
F12,P7,DC1,R3,X,70,L
F12,P7,DC1,R3,X,70,R
F12,P7,DC1,R3,X,78,L
F12,P7,DC1,R3,X,78,R
F12,P7,DC1,R3,Y,67,L
F12,P7,DC1,R3,Y,67,R
F12,P7,DC1,R3,Y,75,L
F12,P7,DC1,R3,Y,75,R
F12,P7,DC1,R3,Z,67,L
F12,P7,DC1,R3,Z,67,R
F12,P7,DC1,R3,Z,70,L
F12,P7,DC1,R3,Z,70,R
F12,P7,DC1,R3,Z,75,L
F12,P7,DC1,R3,Z,75,R
F12,P7,DC1,R3,Z,78,L
F12,P7,DC1,R3,Z,78,R
F12,P7,DC1,R4,C,51,L
F12,P7,DC1,R4,C,51,R
F12,P7,DC1,R4,C,54,L
F12,P7,DC1,R4,C,54,R
F12,P7,DC1,R4,C,62,L
F12,P7,DC1,R4,C,62,R
F12,P7,DC1,R4,D,51,L
F12,P7,DC1,R4,D,51,R
F12,P7,DC1,R4,D,59,L
F12,P7,DC1,R4,D,59,R
F12,P7,DC1,R4,E,51,L
F12,P7,DC1,R4,E,51,R
F12,P7,DC1,R4,E,54,L
F12,P7,DC1,R4,E,54,R
F12,P7,DC1,R4,E,59,L
F12,P7,DC1,R4,E,59,R
F12,P7,DC1,R4,E,62,L
F12,P7,DC1,R4,E,62,R
F12,P7,DC1,R4,F,54,L
F12,P7,DC1,R4,F,54,R
F12,P7,DC1,R4,F,62,L
F12,P7,DC1,R4,F,62,R
F12,P7,DC1,R4,G,51,L
F12,P7,DC1,R4,G,51,R
F12,P7,DC1,R4,G,54,L
F12,P7,DC1,R4,G,54,R
F12,P7,DC1,R4,G,59,L
F12,P7,DC1,R4,G,59,R
F12,P7,DC1,R4,G,62,L
F12,P7,DC1,R4,G,62,R
F12,P7,DC1,R4,H,51,L
F12,P7,DC1,R4,H,51,R
F12,P7,DC1,R4,H,59,L
F12,P7,DC1,R4,H,59,R
F12,P7,DC1,R4,I,51,L
F12,P7,DC1,R4,I,51,R
F12,P7,DC1,R4,I,54,L
F12,P7,DC1,R4,I,54,R
F12,P7,DC1,R4,I,62,L
F12,P7,DC1,R4,I,62,R
F12,P7,DC1,R4,J,54,L
F12,P7,DC1,R4,J,54,R
F12,P7,DC1,R4,J,59,L
F12,P7,DC1,R4,J,59,R
F12,P7,DC1,R4,J,62,L
F12,P7,DC1,R4,J,62,R
F12,P7,DC1,R4,K,51,L
F12,P7,DC1,R4,K,51,R
F12,P7,DC1,R4,K,54,L
F12,P7,DC1,R4,K,54,R
F12,P7,DC1,R4,K,59,L
F12,P7,DC1,R4,K,59,R
F12,P7,DC1,R4,K,62,L
F12,P7,DC1,R4,K,62,R
F12,P7,DC1,R4,L,51,L
F12,P7,DC1,R4,L,51,R
F12,P7,DC1,R4,L,59,L
F12,P7,DC1,R4,L,59,R
F12,P7,DC1,R4,M,51,L
F12,P7,DC1,R4,M,51,R
F12,P7,DC1,R4,M,54,L
F12,P7,DC1,R4,M,54,R
F12,P7,DC1,R4,M,62,L
F12,P7,DC1,R4,M,62,R
F12,P7,DC1,R4,N,54,L
F12,P7,DC1,R4,N,54,R
F12,P7,DC1,R4,N,59,L
F12,P7,DC1,R4,N,59,R
F12,P7,DC1,R4,N,62,L
F12,P7,DC1,R4,N,62,R
F12,P7,DC1,R4,O,51,L
F12,P7,DC1,R4,O,51,R
F12,P7,DC1,R4,O,59,L
F12,P7,DC1,R4,O,59,R
F12,P7,DC1,R4,O,62,L
F12,P7,DC1,R4,O,62,R
F12,P7,DC1,R4,R,51,L
F12,P7,DC1,R4,R,51,R
F12,P7,DC1,R4,R,54,L
F12,P7,DC1,R4,R,54,R
F12,P7,DC1,R4,R,59,L
F12,P7,DC1,R4,R,59,R
F12,P7,DC1,R4,R,62,L
F12,P7,DC1,R4,R,62,R
F12,P7,DC1,R4,S,51,L
F12,P7,DC1,R4,S,51,R
F12,P7,DC1,R4,S,59,L
F12,P7,DC1,R4,S,59,R
F12,P7,DC1,R4,T,54,L
F12,P7,DC1,R4,T,54,R
F12,P7,DC1,R4,T,62,L
F12,P7,DC1,R4,T,62,R
F12,P7,DC1,R4,U,51,L
F12,P7,DC1,R4,U,51,R
F12,P7,DC1,R4,U,54,L
F12,P7,DC1,R4,U,54,R
F12,P7,DC1,R4,U,59,L
F12,P7,DC1,R4,U,59,R
F12,P7,DC1,R4,U,62,L
F12,P7,DC1,R4,U,62,R
F12,P7,DC1,R4,V,51,L
F12,P7,DC1,R4,V,51,R
F12,P7,DC1,R4,V,59,L
F12,P7,DC1,R4,V,59,R
F12,P7,DC1,R4,W,51,L
F12,P7,DC1,R4,W,51,R
F12,P7,DC1,R4,W,54,L
F12,P7,DC1,R4,W,54,R
F12,P7,DC1,R4,W,59,L
F12,P7,DC1,R4,W,59,R
F12,P7,DC1,R4,W,62,L
F12,P7,DC1,R4,W,62,R
F12,P7,DC1,R4,X,41,L
F12,P7,DC1,R4,X,41,R
F12,P7,DC1,R4,X,42,L
F12,P7,DC1,R4,X,42,R
F12,P7,DC1,R4,X,43,L
F12,P7,DC1,R4,X,43,R
F12,P7,DC1,R4,X,44,L
F12,P7,DC1,R4,X,44,R
F12,P7,DC1,R4,X,45,L
F12,P7,DC1,R4,X,45,R
F12,P7,DC1,R4,X,46,L
F12,P7,DC1,R4,X,46,R
F12,P7,DC1,R4,X,47,L
F12,P7,DC1,R4,X,47,R
F12,P7,DC1,R4,X,48,L
F12,P7,DC1,R4,X,48,R
F12,P7,DC1,R4,X,54,L
F12,P7,DC1,R4,X,54,R
F12,P7,DC1,R4,X,62,L
F12,P7,DC1,R4,X,62,R
F12,P7,DC1,R4,Y,51,L
F12,P7,DC1,R4,Y,51,R
F12,P7,DC1,R4,Y,59,L
F12,P7,DC1,R4,Y,59,R
F12,P7,DC1,R4,Z,51,L
F12,P7,DC1,R4,Z,51,R
F12,P7,DC1,R4,Z,54,L
F12,P7,DC1,R4,Z,54,R
F12,P7,DC1,R4,Z,59,L
F12,P7,DC1,R4,Z,59,R
F12,P7,DC1,R4,Z,62,L
F12,P7,DC1,R4,Z,62,R
F12,P7,DC1,R5,C,35,L
F12,P7,DC1,R5,C,35,R
F12,P7,DC1,R5,C,38,L
F12,P7,DC1,R5,C,38,R
F12,P7,DC1,R5,C,43,L
F12,P7,DC1,R5,C,43,R
F12,P7,DC1,R5,C,46,L
F12,P7,DC1,R5,C,46,R
F12,P7,DC1,R5,D,35,L
F12,P7,DC1,R5,D,35,R
F12,P7,DC1,R5,D,43,L
F12,P7,DC1,R5,D,43,R
F12,P7,DC1,R5,E,35,L
F12,P7,DC1,R5,E,35,R
F12,P7,DC1,R5,E,38,L
F12,P7,DC1,R5,E,38,R
F12,P7,DC1,R5,E,43,L
F12,P7,DC1,R5,E,43,R
F12,P7,DC1,R5,E,46,L
F12,P7,DC1,R5,E,46,R
F12,P7,DC1,R5,F,38,L
F12,P7,DC1,R5,F,38,R
F12,P7,DC1,R5,F,46,L
F12,P7,DC1,R5,F,46,R
F12,P7,DC1,R5,G,35,L
F12,P7,DC1,R5,G,35,R
F12,P7,DC1,R5,G,38,L
F12,P7,DC1,R5,G,38,R
F12,P7,DC1,R5,G,43,L
F12,P7,DC1,R5,G,43,R
F12,P7,DC1,R5,G,46,L
F12,P7,DC1,R5,G,46,R
F12,P7,DC1,R5,H,35,L
F12,P7,DC1,R5,H,35,R
F12,P7,DC1,R5,H,43,L
F12,P7,DC1,R5,H,43,R
F12,P7,DC1,R5,I,35,L
F12,P7,DC1,R5,I,35,R
F12,P7,DC1,R5,I,38,L
F12,P7,DC1,R5,I,38,R
F12,P7,DC1,R5,I,43,L
F12,P7,DC1,R5,I,43,R
F12,P7,DC1,R5,I,46,L
F12,P7,DC1,R5,I,46,R
F12,P7,DC1,R5,J,38,L
F12,P7,DC1,R5,J,38,R
F12,P7,DC1,R5,J,46,L
F12,P7,DC1,R5,J,46,R
F12,P7,DC1,R5,K,35,L
F12,P7,DC1,R5,K,35,R
F12,P7,DC1,R5,K,38,L
F12,P7,DC1,R5,K,38,R
F12,P7,DC1,R5,K,43,L
F12,P7,DC1,R5,K,43,R
F12,P7,DC1,R5,K,46,L
F12,P7,DC1,R5,K,46,R
F12,P7,DC1,R5,L,35,L
F12,P7,DC1,R5,L,35,R
F12,P7,DC1,R5,L,43,L
F12,P7,DC1,R5,L,43,R
F12,P7,DC1,R5,M,35,L
F12,P7,DC1,R5,M,35,R
F12,P7,DC1,R5,M,38,L
F12,P7,DC1,R5,M,38,R
F12,P7,DC1,R5,M,43,L
F12,P7,DC1,R5,M,43,R
F12,P7,DC1,R5,M,46,L
F12,P7,DC1,R5,M,46,R
F12,P7,DC1,R5,N,38,L
F12,P7,DC1,R5,N,38,R
F12,P7,DC1,R5,N,46,L
F12,P7,DC1,R5,N,46,R
F12,P7,DC1,R5,O,35,L
F12,P7,DC1,R5,O,35,R
F12,P7,DC1,R5,O,38,L
F12,P7,DC1,R5,O,38,R
F12,P7,DC1,R5,O,43,L
F12,P7,DC1,R5,O,43,R
F12,P7,DC1,R5,O,46,L
F12,P7,DC1,R5,O,46,R
F12,P7,DC1,R5,R,35,L
F12,P7,DC1,R5,R,35,R
F12,P7,DC1,R5,R,38,L
F12,P7,DC1,R5,R,38,R
F12,P7,DC1,R5,R,43,L
F12,P7,DC1,R5,R,43,R
F12,P7,DC1,R5,R,46,L
F12,P7,DC1,R5,R,46,R
F12,P7,DC1,R5,S,38,L
F12,P7,DC1,R5,S,38,R
F12,P7,DC1,R5,S,46,L
F12,P7,DC1,R5,S,46,R
F12,P7,DC1,R5,T,35,L
F12,P7,DC1,R5,T,35,R
F12,P7,DC1,R5,T,38,L
F12,P7,DC1,R5,T,38,R
F12,P7,DC1,R5,T,43,L
F12,P7,DC1,R5,T,43,R
F12,P7,DC1,R5,T,46,L
F12,P7,DC1,R5,T,46,R
F12,P7,DC1,R5,U,35,L
F12,P7,DC1,R5,U,35,R
F12,P7,DC1,R5,U,43,L
F12,P7,DC1,R5,U,43,R
F12,P7,DC1,R5,V,35,L
F12,P7,DC1,R5,V,35,R
F12,P7,DC1,R5,V,38,L
F12,P7,DC1,R5,V,38,R
F12,P7,DC1,R5,V,43,L
F12,P7,DC1,R5,V,43,R
F12,P7,DC1,R5,V,46,L
F12,P7,DC1,R5,V,46,R
F12,P7,DC1,R5,W,38,L
F12,P7,DC1,R5,W,38,R
F12,P7,DC1,R5,W,46,L
F12,P7,DC1,R5,W,46,R
F12,P7,DC1,R5,X,35,L
F12,P7,DC1,R5,X,35,R
F12,P7,DC1,R5,X,38,L
F12,P7,DC1,R5,X,38,R
F12,P7,DC1,R5,X,43,L
F12,P7,DC1,R5,X,43,R
F12,P7,DC1,R5,X,46,L
F12,P7,DC1,R5,X,46,R
F12,P7,DC1,R5,X,51,L
F12,P7,DC1,R5,X,51,R
F12,P7,DC1,R5,X,52,L
F12,P7,DC1,R5,X,52,R
F12,P7,DC1,R5,X,53,L
F12,P7,DC1,R5,X,53,R
F12,P7,DC1,R5,X,54,L
F12,P7,DC1,R5,X,54,R
F12,P7,DC1,R5,X,55,L
F12,P7,DC1,R5,X,55,R
F12,P7,DC1,R5,X,56,L
F12,P7,DC1,R5,X,56,R
F12,P7,DC1,R5,X,57,L
F12,P7,DC1,R5,X,57,R
F12,P7,DC1,R5,X,58,L
F12,P7,DC1,R5,X,58,R
F12,P7,DC1,R5,Y,35,L
F12,P7,DC1,R5,Y,35,R
F12,P7,DC1,R5,Y,43,L
F12,P7,DC1,R5,Y,43,R
F12,P7,DC1,R5,Z,35,L
F12,P7,DC1,R5,Z,35,R
F12,P7,DC1,R5,Z,38,L
F12,P7,DC1,R5,Z,38,R
F12,P7,DC1,R5,Z,43,L
F12,P7,DC1,R5,Z,43,R
F12,P7,DC1,R5,Z,46,L
F12,P7,DC1,R5,Z,46,R
F12,P7,DC1,R6,R,19,L
F12,P7,DC1,R6,R,19,R
F12,P7,DC1,R6,R,27,L
F12,P7,DC1,R6,R,27,R
F12,P7,DC1,R6,R,30,L
F12,P7,DC1,R6,R,30,R
F12,P7,DC1,R6,S,22,L
F12,P7,DC1,R6,S,22,R
F12,P7,DC1,R6,S,30,L
F12,P7,DC1,R6,S,30,R
F12,P7,DC1,R6,T,19,L
F12,P7,DC1,R6,T,19,R
F12,P7,DC1,R6,T,22,L
F12,P7,DC1,R6,T,22,R
F12,P7,DC1,R6,T,27,L
F12,P7,DC1,R6,T,27,R
F12,P7,DC1,R6,T,30,L
F12,P7,DC1,R6,T,30,R
F12,P7,DC1,R6,U,19,L
F12,P7,DC1,R6,U,19,R
F12,P7,DC1,R6,U,27,L
F12,P7,DC1,R6,U,27,R
F12,P7,DC1,R6,V,19,L
F12,P7,DC1,R6,V,19,R
F12,P7,DC1,R6,V,22,L
F12,P7,DC1,R6,V,22,R
F12,P7,DC1,R6,V,27,L
F12,P7,DC1,R6,V,27,R
F12,P7,DC1,R6,V,30,L
F12,P7,DC1,R6,V,30,R
F12,P7,DC1,R6,W,19,L
F12,P7,DC1,R6,W,19,R
F12,P7,DC1,R6,W,22,L
F12,P7,DC1,R6,W,22,R
F12,P7,DC1,R6,W,27,L
F12,P7,DC1,R6,W,27,R
F12,P7,DC1,R6,W,30,L
F12,P7,DC1,R6,W,30,R
F12,P7,DC1,R6,X,22,L
F12,P7,DC1,R6,X,22,R
F12,P7,DC1,R6,X,30,L
F12,P7,DC1,R6,X,30,R
F12,P7,DC1,R6,Y,19,L
F12,P7,DC1,R6,Y,19,R
F12,P7,DC1,R6,Y,27,L
F12,P7,DC1,R6,Y,27,R
F12,P7,DC1,R6,Z,19,L
F12,P7,DC1,R6,Z,19,R
F12,P7,DC1,R6,Z,22,L
F12,P7,DC1,R6,Z,22,R
F12,P7,DC1,R6,Z,27,L
F12,P7,DC1,R6,Z,27,R
F12,P7,DC1,R6,Z,30,L
F12,P7,DC1,R6,Z,30,R
F12,P7,DC1,R7,C,03,L
F12,P7,DC1,R7,C,03,R
F12,P7,DC1,R7,C,05,L
F12,P7,DC1,R7,C,05,R
F12,P7,DC1,R7,C,06,L
F12,P7,DC1,R7,C,06,R
F12,P7,DC1,R7,C,07,L
F12,P7,DC1,R7,C,07,R
F12,P7,DC1,R7,C,09,L
F12,P7,DC1,R7,C,09,R
F12,P7,DC1,R7,C,10,L
F12,P7,DC1,R7,C,10,R
F12,P7,DC1,R7,F,03,L
F12,P7,DC1,R7,F,03,R
F12,P7,DC1,R7,F,04,L
F12,P7,DC1,R7,F,04,R
F12,P7,DC1,R7,F,07,L
F12,P7,DC1,R7,F,07,R
F12,P7,DC1,R7,F,08,L
F12,P7,DC1,R7,F,08,R
F12,P7,DC1,R7,F,09,L
F12,P7,DC1,R7,F,09,R
F12,P7,DC1,R7,F,11,L
F12,P7,DC1,R7,F,11,R
F12,P7,DC1,R7,K,03,L
F12,P7,DC1,R7,K,03,R
F12,P7,DC1,R7,K,05,L
F12,P7,DC1,R7,K,05,R
F12,P7,DC1,R7,K,06,L
F12,P7,DC1,R7,K,06,R
F12,P7,DC1,R7,K,07,L
F12,P7,DC1,R7,K,07,R
F12,P7,DC1,R7,K,09,L
F12,P7,DC1,R7,K,09,R
F12,P7,DC1,R7,K,10,L
F12,P7,DC1,R7,K,10,R
F12,P7,DC1,R7,K,11,L
F12,P7,DC1,R7,K,11,R
F12,P7,DC1,R7,N,03,L
F12,P7,DC1,R7,N,03,R
F12,P7,DC1,R7,N,04,L
F12,P7,DC1,R7,N,04,R
F12,P7,DC1,R7,N,05,L
F12,P7,DC1,R7,N,05,R
F12,P7,DC1,R7,N,07,L
F12,P7,DC1,R7,N,07,R
F12,P7,DC1,R7,N,08,L
F12,P7,DC1,R7,N,08,R
F12,P7,DC1,R7,N,09,L
F12,P7,DC1,R7,N,09,R
F12,P7,DC1,R7,N,11,L
F12,P7,DC1,R7,N,11,R
F12,P7,DC1,R7,S,03,L
F12,P7,DC1,R7,S,03,R
F12,P7,DC1,R7,S,05,L
F12,P7,DC1,R7,S,05,R
F12,P7,DC1,R7,S,06,L
F12,P7,DC1,R7,S,06,R
F12,P7,DC1,R7,S,07,L
F12,P7,DC1,R7,S,07,R
F12,P7,DC1,R7,S,09,L
F12,P7,DC1,R7,S,09,R
F12,P7,DC1,R7,S,10,L
F12,P7,DC1,R7,S,10,R
F12,P7,DC1,R7,S,11,L
F12,P7,DC1,R7,S,11,R
F12,P7,DC1,R7,V,03,L
F12,P7,DC1,R7,V,03,R
F12,P7,DC1,R7,V,04,L
F12,P7,DC1,R7,V,04,R
F12,P7,DC1,R7,V,05,L
F12,P7,DC1,R7,V,05,R
F12,P7,DC1,R7,V,07,L
F12,P7,DC1,R7,V,07,R
F12,P7,DC1,R7,V,09,L
F12,P7,DC1,R7,V,09,R
F12,P7,DC1,R7,V,11,L
F12,P7,DC1,R7,V,11,R
F12,P7,DC2,R0,AA,01,L
F12,P7,DC2,R0,AA,01,R
F12,P7,DC2,R0,AA,02,L
F12,P7,DC2,R0,AA,02,R
F12,P7,DC2,R0,AA,03,L
F12,P7,DC2,R0,AA,03,R
F12,P7,DC2,R0,AA,04,L
F12,P7,DC2,R0,AA,04,R
F12,P7,DC2,R0,AA,06,L
F12,P7,DC2,R0,AA,06,R
F12,P7,DC2,R0,AA,07,L
F12,P7,DC2,R0,AA,07,R
F12,P7,DC2,R0,AA,08,L
F12,P7,DC2,R0,AA,08,R
F12,P7,DC2,R0,AA,10,L
F12,P7,DC2,R0,AA,10,R
F12,P7,DC2,R0,AA,11,L
F12,P7,DC2,R0,AA,11,R
F12,P7,DC2,R0,AA,12,L
F12,P7,DC2,R0,AA,12,R
F12,P7,DC2,R1,AA,58,L
F12,P7,DC2,R1,AA,58,R
F12,P7,DC2,R1,AA,61,L
F12,P7,DC2,R1,AA,61,R
F12,P7,DC2,R1,AA,66,L
F12,P7,DC2,R1,AA,66,R
F12,P7,DC2,R1,AA,69,L
F12,P7,DC2,R1,AA,69,R
F12,P7,DC2,R1,C,58,L
F12,P7,DC2,R1,C,58,R
F12,P7,DC2,R1,C,61,L
F12,P7,DC2,R1,C,61,R
F12,P7,DC2,R1,C,69,L
F12,P7,DC2,R1,C,69,R
F12,P7,DC2,R1,D,58,L
F12,P7,DC2,R1,D,58,R
F12,P7,DC2,R1,D,61,L
F12,P7,DC2,R1,D,61,R
F12,P7,DC2,R1,D,66,L
F12,P7,DC2,R1,D,66,R
F12,P7,DC2,R1,D,69,L
F12,P7,DC2,R1,D,69,R
F12,P7,DC2,R1,E,61,L
F12,P7,DC2,R1,E,61,R
F12,P7,DC2,R1,E,66,L
F12,P7,DC2,R1,E,66,R
F12,P7,DC2,R1,F,58,L
F12,P7,DC2,R1,F,58,R
F12,P7,DC2,R1,F,61,L
F12,P7,DC2,R1,F,61,R
F12,P7,DC2,R1,F,66,L
F12,P7,DC2,R1,F,66,R
F12,P7,DC2,R1,F,69,L
F12,P7,DC2,R1,F,69,R
F12,P7,DC2,R1,G,58,L
F12,P7,DC2,R1,G,58,R
F12,P7,DC2,R1,G,66,L
F12,P7,DC2,R1,G,66,R
F12,P7,DC2,R1,G,69,L
F12,P7,DC2,R1,G,69,R
F12,P7,DC2,R1,H,58,L
F12,P7,DC2,R1,H,58,R
F12,P7,DC2,R1,H,61,L
F12,P7,DC2,R1,H,61,R
F12,P7,DC2,R1,H,69,L
F12,P7,DC2,R1,H,69,R
F12,P7,DC2,R1,I,58,L
F12,P7,DC2,R1,I,58,R
F12,P7,DC2,R1,I,61,L
F12,P7,DC2,R1,I,61,R
F12,P7,DC2,R1,I,66,L
F12,P7,DC2,R1,I,66,R
F12,P7,DC2,R1,I,69,L
F12,P7,DC2,R1,I,69,R
F12,P7,DC2,R1,J,61,L
F12,P7,DC2,R1,J,61,R
F12,P7,DC2,R1,J,66,L
F12,P7,DC2,R1,J,66,R
F12,P7,DC2,R1,K,58,L
F12,P7,DC2,R1,K,58,R
F12,P7,DC2,R1,K,61,L
F12,P7,DC2,R1,K,61,R
F12,P7,DC2,R1,K,66,L
F12,P7,DC2,R1,K,66,R
F12,P7,DC2,R1,K,69,L
F12,P7,DC2,R1,K,69,R
F12,P7,DC2,R1,L,58,L
F12,P7,DC2,R1,L,58,R
F12,P7,DC2,R1,L,66,L
F12,P7,DC2,R1,L,66,R
F12,P7,DC2,R1,L,69,L
F12,P7,DC2,R1,L,69,R
F12,P7,DC2,R1,M,58,L
F12,P7,DC2,R1,M,58,R
F12,P7,DC2,R1,M,61,L
F12,P7,DC2,R1,M,61,R
F12,P7,DC2,R1,M,69,L
F12,P7,DC2,R1,M,69,R
F12,P7,DC2,R1,N,58,L
F12,P7,DC2,R1,N,58,R
F12,P7,DC2,R1,N,61,L
F12,P7,DC2,R1,N,61,R
F12,P7,DC2,R1,N,66,L
F12,P7,DC2,R1,N,66,R
F12,P7,DC2,R1,N,69,L
F12,P7,DC2,R1,N,69,R
F12,P7,DC2,R1,O,66,L
F12,P7,DC2,R1,O,66,R
F12,P7,DC2,R1,P,58,L
F12,P7,DC2,R1,P,58,R
F12,P7,DC2,R1,P,61,L
F12,P7,DC2,R1,P,61,R
F12,P7,DC2,R1,P,66,L
F12,P7,DC2,R1,P,66,R
F12,P7,DC2,R1,P,69,L
F12,P7,DC2,R1,P,69,R
F12,P7,DC2,R1,Q,58,L
F12,P7,DC2,R1,Q,58,R
F12,P7,DC2,R1,Q,61,L
F12,P7,DC2,R1,Q,61,R
F12,P7,DC2,R1,Q,66,L
F12,P7,DC2,R1,Q,66,R
F12,P7,DC2,R1,Q,69,L
F12,P7,DC2,R1,Q,69,R
F12,P7,DC2,R1,R,58,L
F12,P7,DC2,R1,R,58,R
F12,P7,DC2,R1,R,61,L
F12,P7,DC2,R1,R,61,R
F12,P7,DC2,R1,R,69,L
F12,P7,DC2,R1,R,69,R
F12,P7,DC2,R1,S,58,L
F12,P7,DC2,R1,S,58,R
F12,P7,DC2,R1,S,61,L
F12,P7,DC2,R1,S,61,R
F12,P7,DC2,R1,S,66,L
F12,P7,DC2,R1,S,66,R
F12,P7,DC2,R1,S,69,L
F12,P7,DC2,R1,S,69,R
F12,P7,DC2,R1,T,61,L
F12,P7,DC2,R1,T,61,R
F12,P7,DC2,R1,T,66,L
F12,P7,DC2,R1,T,66,R
F12,P7,DC2,R1,U,58,L
F12,P7,DC2,R1,U,58,R
F12,P7,DC2,R1,U,61,L
F12,P7,DC2,R1,U,61,R
F12,P7,DC2,R1,U,66,L
F12,P7,DC2,R1,U,66,R
F12,P7,DC2,R1,U,69,L
F12,P7,DC2,R1,U,69,R
F12,P7,DC2,R1,V,58,L
F12,P7,DC2,R1,V,58,R
F12,P7,DC2,R1,V,66,L
F12,P7,DC2,R1,V,66,R
F12,P7,DC2,R1,V,69,L
F12,P7,DC2,R1,V,69,R
F12,P7,DC2,R1,W,58,L
F12,P7,DC2,R1,W,58,R
F12,P7,DC2,R1,W,61,L
F12,P7,DC2,R1,W,61,R
F12,P7,DC2,R1,W,69,L
F12,P7,DC2,R1,W,69,R
F12,P7,DC2,R1,X,58,L
F12,P7,DC2,R1,X,58,R
F12,P7,DC2,R1,X,61,L
F12,P7,DC2,R1,X,61,R
F12,P7,DC2,R1,X,66,L
F12,P7,DC2,R1,X,66,R
F12,P7,DC2,R1,X,69,L
F12,P7,DC2,R1,X,69,R
F12,P7,DC2,R1,Y,61,L
F12,P7,DC2,R1,Y,61,R
F12,P7,DC2,R1,Y,66,L
F12,P7,DC2,R1,Y,66,R
F12,P7,DC2,R1,Z,58,L
F12,P7,DC2,R1,Z,58,R
F12,P7,DC2,R1,Z,66,L
F12,P7,DC2,R1,Z,66,R
F12,P7,DC2,R1,Z,69,L
F12,P7,DC2,R1,Z,69,R
F12,P7,DC2,R2,AA,38,L
F12,P7,DC2,R2,AA,38,R
F12,P7,DC2,R2,AA,41,L
F12,P7,DC2,R2,AA,41,R
F12,P7,DC2,R2,AA,46,L
F12,P7,DC2,R2,AA,46,R
F12,P7,DC2,R2,AA,49,L
F12,P7,DC2,R2,AA,49,R
F12,P7,DC2,R2,C,38,L
F12,P7,DC2,R2,C,38,R
F12,P7,DC2,R2,C,49,L
F12,P7,DC2,R2,C,49,R
F12,P7,DC2,R2,D,38,L
F12,P7,DC2,R2,D,38,R
F12,P7,DC2,R2,D,41,L
F12,P7,DC2,R2,D,41,R
F12,P7,DC2,R2,D,46,L
F12,P7,DC2,R2,D,46,R
F12,P7,DC2,R2,D,49,L
F12,P7,DC2,R2,D,49,R
F12,P7,DC2,R2,E,41,L
F12,P7,DC2,R2,E,41,R
F12,P7,DC2,R2,E,46,L
F12,P7,DC2,R2,E,46,R
F12,P7,DC2,R2,F,38,L
F12,P7,DC2,R2,F,38,R
F12,P7,DC2,R2,F,41,L
F12,P7,DC2,R2,F,41,R
F12,P7,DC2,R2,F,46,L
F12,P7,DC2,R2,F,46,R
F12,P7,DC2,R2,F,49,L
F12,P7,DC2,R2,F,49,R
F12,P7,DC2,R2,G,38,L
F12,P7,DC2,R2,G,38,R
F12,P7,DC2,R2,G,46,L
F12,P7,DC2,R2,G,46,R
F12,P7,DC2,R2,G,49,L
F12,P7,DC2,R2,G,49,R
F12,P7,DC2,R2,H,38,L
F12,P7,DC2,R2,H,38,R
F12,P7,DC2,R2,H,41,L
F12,P7,DC2,R2,H,41,R
F12,P7,DC2,R2,H,49,L
F12,P7,DC2,R2,H,49,R
F12,P7,DC2,R2,I,38,L
F12,P7,DC2,R2,I,38,R
F12,P7,DC2,R2,I,46,L
F12,P7,DC2,R2,I,46,R
F12,P7,DC2,R2,I,49,L
F12,P7,DC2,R2,I,49,R
F12,P7,DC2,R2,J,46,L
F12,P7,DC2,R2,J,46,R
F12,P7,DC2,R2,K,38,L
F12,P7,DC2,R2,K,38,R
F12,P7,DC2,R2,K,41,L
F12,P7,DC2,R2,K,41,R
F12,P7,DC2,R2,K,46,L
F12,P7,DC2,R2,K,46,R
F12,P7,DC2,R2,K,49,L
F12,P7,DC2,R2,K,49,R
F12,P7,DC2,R2,L,38,L
F12,P7,DC2,R2,L,38,R
F12,P7,DC2,R2,L,46,L
F12,P7,DC2,R2,L,46,R
F12,P7,DC2,R2,L,49,L
F12,P7,DC2,R2,L,49,R
F12,P7,DC2,R2,M,38,L
F12,P7,DC2,R2,M,38,R
F12,P7,DC2,R2,M,41,L
F12,P7,DC2,R2,M,41,R
F12,P7,DC2,R2,M,49,L
F12,P7,DC2,R2,M,49,R
F12,P7,DC2,R2,N,38,L
F12,P7,DC2,R2,N,38,R
F12,P7,DC2,R2,N,41,L
F12,P7,DC2,R2,N,41,R
F12,P7,DC2,R2,N,46,L
F12,P7,DC2,R2,N,46,R
F12,P7,DC2,R2,N,49,L
F12,P7,DC2,R2,N,49,R
F12,P7,DC2,R2,O,41,L
F12,P7,DC2,R2,O,41,R
F12,P7,DC2,R2,O,46,L
F12,P7,DC2,R2,O,46,R
F12,P7,DC2,R2,P,38,L
F12,P7,DC2,R2,P,38,R
F12,P7,DC2,R2,P,41,L
F12,P7,DC2,R2,P,41,R
F12,P7,DC2,R2,P,46,L
F12,P7,DC2,R2,P,46,R
F12,P7,DC2,R2,P,49,L
F12,P7,DC2,R2,P,49,R
F12,P7,DC2,R2,Q,38,L
F12,P7,DC2,R2,Q,38,R
F12,P7,DC2,R2,Q,46,L
F12,P7,DC2,R2,Q,46,R
F12,P7,DC2,R2,Q,49,L
F12,P7,DC2,R2,Q,49,R
F12,P7,DC2,R2,R,38,L
F12,P7,DC2,R2,R,38,R
F12,P7,DC2,R2,R,41,L
F12,P7,DC2,R2,R,41,R
F12,P7,DC2,R2,R,49,L
F12,P7,DC2,R2,R,49,R
F12,P7,DC2,R2,S,38,L
F12,P7,DC2,R2,S,38,R
F12,P7,DC2,R2,S,41,L
F12,P7,DC2,R2,S,41,R
F12,P7,DC2,R2,S,46,L
F12,P7,DC2,R2,S,46,R
F12,P7,DC2,R2,S,49,L
F12,P7,DC2,R2,S,49,R
F12,P7,DC2,R2,T,41,L
F12,P7,DC2,R2,T,41,R
F12,P7,DC2,R2,T,46,L
F12,P7,DC2,R2,T,46,R
F12,P7,DC2,R2,U,38,L
F12,P7,DC2,R2,U,38,R
F12,P7,DC2,R2,U,41,L
F12,P7,DC2,R2,U,41,R
F12,P7,DC2,R2,U,46,L
F12,P7,DC2,R2,U,46,R
F12,P7,DC2,R2,U,49,L
F12,P7,DC2,R2,U,49,R
F12,P7,DC2,R2,V,38,L
F12,P7,DC2,R2,V,38,R
F12,P7,DC2,R2,V,46,L
F12,P7,DC2,R2,V,46,R
F12,P7,DC2,R2,V,49,L
F12,P7,DC2,R2,V,49,R
F12,P7,DC2,R2,W,38,L
F12,P7,DC2,R2,W,38,R
F12,P7,DC2,R2,W,41,L
F12,P7,DC2,R2,W,41,R
F12,P7,DC2,R2,W,49,L
F12,P7,DC2,R2,W,49,R
F12,P7,DC2,R2,X,38,L
F12,P7,DC2,R2,X,38,R
F12,P7,DC2,R2,X,41,L
F12,P7,DC2,R2,X,41,R
F12,P7,DC2,R2,X,46,L
F12,P7,DC2,R2,X,46,R
F12,P7,DC2,R2,X,49,L
F12,P7,DC2,R2,X,49,R
F12,P7,DC2,R2,Y,41,L
F12,P7,DC2,R2,Y,41,R
F12,P7,DC2,R2,Y,46,L
F12,P7,DC2,R2,Y,46,R
F12,P7,DC2,R2,Z,38,L
F12,P7,DC2,R2,Z,38,R
F12,P7,DC2,R2,Z,46,L
F12,P7,DC2,R2,Z,46,R
F12,P7,DC2,R2,Z,49,L
F12,P7,DC2,R2,Z,49,R
F12,P7,DC2,R3,AA,19,L
F12,P7,DC2,R3,AA,19,R
F12,P7,DC2,R3,AA,22,L
F12,P7,DC2,R3,AA,22,R
F12,P7,DC2,R3,AA,27,L
F12,P7,DC2,R3,AA,27,R
F12,P7,DC2,R3,AA,30,L
F12,P7,DC2,R3,AA,30,R
F12,P7,DC2,R3,C,19,L
F12,P7,DC2,R3,C,19,R
F12,P7,DC2,R3,C,22,L
F12,P7,DC2,R3,C,22,R
F12,P7,DC2,R3,C,30,L
F12,P7,DC2,R3,C,30,R
F12,P7,DC2,R3,D,19,L
F12,P7,DC2,R3,D,19,R
F12,P7,DC2,R3,D,22,L
F12,P7,DC2,R3,D,22,R
F12,P7,DC2,R3,D,27,L
F12,P7,DC2,R3,D,27,R
F12,P7,DC2,R3,D,30,L
F12,P7,DC2,R3,D,30,R
F12,P7,DC2,R3,E,22,L
F12,P7,DC2,R3,E,22,R
F12,P7,DC2,R3,E,27,L
F12,P7,DC2,R3,E,27,R
F12,P7,DC2,R3,F,19,L
F12,P7,DC2,R3,F,19,R
F12,P7,DC2,R3,F,22,L
F12,P7,DC2,R3,F,22,R
F12,P7,DC2,R3,F,27,L
F12,P7,DC2,R3,F,27,R
F12,P7,DC2,R3,F,30,L
F12,P7,DC2,R3,F,30,R
F12,P7,DC2,R3,G,19,L
F12,P7,DC2,R3,G,19,R
F12,P7,DC2,R3,G,27,L
F12,P7,DC2,R3,G,27,R
F12,P7,DC2,R3,G,30,L
F12,P7,DC2,R3,G,30,R
F12,P7,DC2,R3,H,19,L
F12,P7,DC2,R3,H,19,R
F12,P7,DC2,R3,H,22,L
F12,P7,DC2,R3,H,22,R
F12,P7,DC2,R3,H,30,L
F12,P7,DC2,R3,H,30,R
F12,P7,DC2,R3,I,19,L
F12,P7,DC2,R3,I,19,R
F12,P7,DC2,R3,I,22,L
F12,P7,DC2,R3,I,22,R
F12,P7,DC2,R3,I,27,L
F12,P7,DC2,R3,I,27,R
F12,P7,DC2,R3,I,30,L
F12,P7,DC2,R3,I,30,R
F12,P7,DC2,R3,J,22,L
F12,P7,DC2,R3,J,22,R
F12,P7,DC2,R3,J,27,L
F12,P7,DC2,R3,J,27,R
F12,P7,DC2,R3,K,19,L
F12,P7,DC2,R3,K,19,R
F12,P7,DC2,R3,K,22,L
F12,P7,DC2,R3,K,22,R
F12,P7,DC2,R3,K,27,L
F12,P7,DC2,R3,K,27,R
F12,P7,DC2,R3,K,30,L
F12,P7,DC2,R3,K,30,R
F12,P7,DC2,R3,L,19,L
F12,P7,DC2,R3,L,19,R
F12,P7,DC2,R3,L,27,L
F12,P7,DC2,R3,L,27,R
F12,P7,DC2,R3,L,30,L
F12,P7,DC2,R3,L,30,R
F12,P7,DC2,R3,M,19,L
F12,P7,DC2,R3,M,19,R
F12,P7,DC2,R3,M,22,L
F12,P7,DC2,R3,M,22,R
F12,P7,DC2,R3,M,30,L
F12,P7,DC2,R3,M,30,R
F12,P7,DC2,R3,N,19,L
F12,P7,DC2,R3,N,19,R
F12,P7,DC2,R3,N,22,L
F12,P7,DC2,R3,N,22,R
F12,P7,DC2,R3,N,27,L
F12,P7,DC2,R3,N,27,R
F12,P7,DC2,R3,N,30,L
F12,P7,DC2,R3,N,30,R
F12,P7,DC2,R3,O,22,L
F12,P7,DC2,R3,O,22,R
F12,P7,DC2,R3,O,27,L
F12,P7,DC2,R3,O,27,R
F12,P7,DC2,R3,P,19,L
F12,P7,DC2,R3,P,19,R
F12,P7,DC2,R3,P,22,L
F12,P7,DC2,R3,P,22,R
F12,P7,DC2,R3,P,27,L
F12,P7,DC2,R3,P,27,R
F12,P7,DC2,R3,P,30,L
F12,P7,DC2,R3,P,30,R
F12,P7,DC2,R3,Q,19,L
F12,P7,DC2,R3,Q,19,R
F12,P7,DC2,R3,Q,27,L
F12,P7,DC2,R3,Q,27,R
F12,P7,DC2,R3,Q,30,L
F12,P7,DC2,R3,Q,30,R
F12,P7,DC2,R3,R,19,L
F12,P7,DC2,R3,R,19,R
F12,P7,DC2,R3,R,22,L
F12,P7,DC2,R3,R,22,R
F12,P7,DC2,R3,R,30,L
F12,P7,DC2,R3,R,30,R
F12,P7,DC2,R3,S,19,L
F12,P7,DC2,R3,S,19,R
F12,P7,DC2,R3,S,22,L
F12,P7,DC2,R3,S,22,R
F12,P7,DC2,R3,S,27,L
F12,P7,DC2,R3,S,27,R
F12,P7,DC2,R3,S,30,L
F12,P7,DC2,R3,S,30,R
F12,P7,DC2,R3,T,22,L
F12,P7,DC2,R3,T,22,R
F12,P7,DC2,R3,T,27,L
F12,P7,DC2,R3,T,27,R
F12,P7,DC2,R3,U,19,L
F12,P7,DC2,R3,U,19,R
F12,P7,DC2,R3,U,22,L
F12,P7,DC2,R3,U,22,R
F12,P7,DC2,R3,U,27,L
F12,P7,DC2,R3,U,27,R
F12,P7,DC2,R3,U,30,L
F12,P7,DC2,R3,U,30,R
F12,P7,DC2,R3,V,19,L
F12,P7,DC2,R3,V,19,R
F12,P7,DC2,R3,V,27,L
F12,P7,DC2,R3,V,27,R
F12,P7,DC2,R3,V,30,L
F12,P7,DC2,R3,V,30,R
F12,P7,DC2,R3,W,19,L
F12,P7,DC2,R3,W,19,R
F12,P7,DC2,R3,W,22,L
F12,P7,DC2,R3,W,22,R
F12,P7,DC2,R3,W,30,L
F12,P7,DC2,R3,W,30,R
F12,P7,DC2,R3,X,19,L
F12,P7,DC2,R3,X,19,R
F12,P7,DC2,R3,X,22,L
F12,P7,DC2,R3,X,22,R
F12,P7,DC2,R3,X,27,L
F12,P7,DC2,R3,X,27,R
F12,P7,DC2,R3,X,30,L
F12,P7,DC2,R3,X,30,R
F12,P7,DC2,R3,Y,22,L
F12,P7,DC2,R3,Y,22,R
F12,P7,DC2,R3,Y,27,L
F12,P7,DC2,R3,Y,27,R
F12,P7,DC2,R3,Z,19,L
F12,P7,DC2,R3,Z,19,R
F12,P7,DC2,R3,Z,27,L
F12,P7,DC2,R3,Z,27,R
F12,P7,DC2,R3,Z,30,L
F12,P7,DC2,R3,Z,30,R
F12,P7,DC2,R4,J,07,L
F12,P7,DC2,R4,J,07,R
F12,P7,DC2,R4,J,12,L
F12,P7,DC2,R4,J,12,R
F12,P7,DC2,R4,K,04,L
F12,P7,DC2,R4,K,04,R
F12,P7,DC2,R4,K,07,L
F12,P7,DC2,R4,K,07,R
F12,P7,DC2,R4,L,04,L
F12,P7,DC2,R4,L,04,R
F12,P7,DC2,R4,L,12,L
F12,P7,DC2,R4,L,12,R
F12,P7,DC2,R4,M,04,L
F12,P7,DC2,R4,M,04,R
F12,P7,DC2,R4,M,07,L
F12,P7,DC2,R4,M,07,R
F12,P7,DC2,R4,M,12,L
F12,P7,DC2,R4,M,12,R
F12,P7,DC2,R4,N,04,L
F12,P7,DC2,R4,N,04,R
F12,P7,DC2,R4,N,07,L
F12,P7,DC2,R4,N,07,R
F12,P7,DC2,R4,N,12,L
F12,P7,DC2,R4,N,12,R
F12,P7,DC2,R4,O,07,L
F12,P7,DC2,R4,O,07,R
F12,P7,DC2,R4,O,12,L
F12,P7,DC2,R4,O,12,R
F12,P7,DC2,R4,P,04,L
F12,P7,DC2,R4,P,04,R
F12,P7,DC2,R4,P,07,L
F12,P7,DC2,R4,P,07,R
F12,P7,DC2,R4,Q,04,L
F12,P7,DC2,R4,Q,04,R
F12,P7,DC2,R4,Q,12,L
F12,P7,DC2,R4,Q,12,R
F12,P7,DC2,R4,R,04,L
F12,P7,DC2,R4,R,04,R
F12,P7,DC2,R4,R,07,L
F12,P7,DC2,R4,R,07,R
F12,P7,DC2,R4,R,12,L
F12,P7,DC2,R4,R,12,R
F12,P7,DC2,R4,S,04,L
F12,P7,DC2,R4,S,04,R
F12,P7,DC2,R4,S,07,L
F12,P7,DC2,R4,S,07,R
F12,P7,DC2,R4,S,12,L
F12,P7,DC2,R4,S,12,R
F12,P7,DC2,R4,T,07,L
F12,P7,DC2,R4,T,07,R
F12,P7,DC2,R4,T,12,L
F12,P7,DC2,R4,T,12,R
F12,P7,DC2,R4,U,04,L
F12,P7,DC2,R4,U,04,R
F12,P7,DC2,R4,U,07,L
F12,P7,DC2,R4,U,07,R
F12,P7,DC2,R4,V,12,L
F12,P7,DC2,R4,V,12,R
F12,P7,DC2,R4,W,07,L
F12,P7,DC2,R4,W,07,R
F12,P7,DC2,R4,W,12,L
F12,P7,DC2,R4,W,12,R