key,model,panel,name,rack,room,datacenter,factory,ip,manufacturer,phase,protocol,side,type
172.5.24.121,PDUE428,N2A,F12P7DC1R3Y67PL,Y67,R3,DC1,F12,172.5.24.121,Delta,P7,snmp,L,PDU
172.5.24.37,PDUE428,U5F,F12P7DC1R3H75PL,H75,R3,DC1,F12,172.5.24.37,Delta,P7,snmp,L,PDU
172.5.32.1,PDUE428,U4F,F12P7DC1R4C62PR,C62,R4,DC1,F12,172.5.32.1,Delta,P7,snmp,R,PDU
172.5.32.63,PDUE428,N1B,F12P7DC1R4Z59PL,Z59,R4,DC1,F12,172.5.32.63,Delta,P7,snmp,L,PDU
172.5.8.92,PDUE428,N3A,F12P7DC1R1D99PL,D99,R1,DC1,F12,172.5.8.92,Delta,P7,snmp,L,PDU
172.5.8.36,PDUE428,N7A,F12P7DC1R1J107PL,J107,R1,DC1,F12,172.5.8.36,Delta,P7,snmp,L,PDU
172.5.8.46,PDUE428,N4A,F12P7DC1R1R107PL,R107,R1,DC1,F12,172.5.8.46,Delta,P7,snmp,L,PDU
172.5.16.21,PDUE428,N7B,F12P7DC1R2T94PL,T94,R2,DC1,F12,172.5.16.21,Delta,P7,snmp,L,PDU
172.5.24.15,PDUE428,N5A,F12P7DC1R3M78PL,M78,R3,DC1,F12,172.5.24.15,Delta,P7,snmp,L,PDU
172.5.24.72,PDUE428,U7C,F12P7DC1R3T70PR,T70,R3,DC1,F12,172.5.24.72,Delta,P7,snmp,R,PDU
172.5.32.35,PDUE428,U3F,F12P7DC1R4E59PL,E59,R4,DC1,F12,172.5.32.35,Delta,P7,snmp,L,PDU
172.5.32.7,PDUE428,U3F,F12P7DC1R4G62PL,G62,R4,DC1,F12,172.5.32.7,Delta,P7,snmp,L,PDU
172.5.16.55,PDUE428,,F12P7DC1R2U91PL,U91,R2,DC1,F12,172.5.16.55,Delta,P7,snmp,L,PDU
172.5.16.76,PDUE428,U7E,F12P7DC1R2J86PR,J86,R2,DC1,F12,172.5.16.76,Delta,P7,snmp,R,PDU
172.5.32.86,PDUE428,U6G,F12P7DC1R4T54PR,T54,R4,DC1,F12,172.5.32.86,Delta,P7,snmp,R,PDU
172.5.8.69,PDUE428,U8D,F12P7DC1R1J102PR,J102,R1,DC1,F12,172.5.8.69,Delta,P7,snmp,R,PDU
172.5.16.126,PDUE428,,F12P7DC1R2Y83PR,Y83,R2,DC1,F12,172.5.16.126,Delta,P7,snmp,R,PDU
172.5.24.82,PDUE428,U8C,F12P7DC1R3J70PR,J70,R3,DC1,F12,172.5.24.82,Delta,P7,snmp,R,PDU
172.5.8.33,PDUE428,U8A,F12P7DC1R1H107PR,H107,R1,DC1,F12,172.5.8.33,Delta,P7,snmp,R,PDU
172.5.16.90,PDUE428,,F12P7DC1R2W86PR,W86,R2,DC1,F12,172.5.16.90,Delta,P7,snmp,R,PDU
172.5.16.92,PDUE428,,F12P7DC1R2X86PR,X86,R2,DC1,F12,172.5.16.92,Delta,P7,snmp,R,PDU
172.5.8.47,PDUE428,U5D,F12P7DC1R1S107PR,S107,R1,DC1,F12,172.5.8.47,Delta,P7,snmp,R,PDU
172.5.16.100,PDUE428,U8E,F12P7DC1R2F83PR,F83,R2,DC1,F12,172.5.16.100,Delta,P7,snmp,R,PDU
172.5.24.106,PDUE428,U8C,F12P7DC1R3L67PR,L67,R3,DC1,F12,172.5.24.106,Delta,P7,snmp,R,PDU
172.5.24.57,PDUE428,N6A,F12P7DC1R3W75PL,W75,R3,DC1,F12,172.5.24.57,Delta,P7,snmp,L,PDU
172.5.24.7,PDUE428,N5A,F12P7DC1R3H78PL,H78,R3,DC1,F12,172.5.24.7,Delta,P7,snmp,L,PDU
172.5.8.87,PDUE428,U6A,F12P7DC1R1Z102PR,Z102,R1,DC1,F12,172.5.8.87,Delta,P7,snmp,R,PDU
172.5.16.62,PDUE428,U7B,F12P7DC1R2Y91PR,Y91,R2,DC1,F12,172.5.16.62,Delta,P7,snmp,R,PDU
172.5.8.59,PDUE428,U8D,F12P7DC1R1C102PR,C102,R1,DC1,F12,172.5.8.59,Delta,P7,snmp,R,PDU
172.5.16.8,PDUE428,U8B,F12P7DC1R2H94PR,H94,R2,DC1,F12,172.5.16.8,Delta,P7,snmp,R,PDU
172.5.24.11,PDUE428,N5A,F12P7DC1R3J78PL,J78,R3,DC1,F12,172.5.24.11,Delta,P7,snmp,L,PDU
172.5.16.35,PDUE428,N8B,F12P7DC1R2F91PL,F91,R2,DC1,F12,172.5.16.35,Delta,P7,snmp,L,PDU
172.5.32.89,PDUE428,U5G,F12P7DC1R4W54PL,W54,R4,DC1,F12,172.5.32.89,Delta,P7,snmp,L,PDU
172.5.32.97,PDUE428,U1E,F12P7DC1R4D51PL,D51,R4,DC1,F12,172.5.32.97,Delta,P7,snmp,L,PDU
172.5.16.13,PDUE428,N3B,F12P7DC1R2L94PL,L94,R2,DC1,F12,172.5.16.13,Delta,P7,snmp,L,PDU
172.5.16.84,PDUE428,,F12P7DC1R2R86PR,R86,R2,DC1,F12,172.5.16.84,Delta,P7,snmp,R,PDU
172.5.32.11,PDUE428,U3F,F12P7DC1R4J62PL,J62,R4,DC1,F12,172.5.32.11,Delta,P7,snmp,L,PDU
172.5.32.42,PDUE428,U4F,F12P7DC1R4J59PR,J59,R4,DC1,F12,172.5.32.42,Delta,P7,snmp,R,PDU
172.5.8.3,PDUE428,U7A,F12P7DC1R1F110PR,F110,R1,DC1,F12,172.5.8.3,Delta,P7,snmp,R,PDU
172.5.24.35,PDUE428,U5F,F12P7DC1R3G75PL,G75,R3,DC1,F12,172.5.24.35,Delta,P7,snmp,L,PDU
172.5.32.111,PDUE428,N2B,F12P7DC1R4M51PL,M51,R4,DC1,F12,172.5.32.111,Delta,P7,snmp,L,PDU
172.5.32.29,PDUE428,N1B,F12P7DC1R4X62PL,X62,R4,DC1,F12,172.5.32.29,Delta,P7,snmp,L,PDU
172.5.32.61,PDUE428,N1B,F12P7DC1R4Y59PL,Y59,R4,DC1,F12,172.5.32.61,Delta,P7,snmp,L,PDU
172.5.8.63,PDUE428,U8D,F12P7DC1R1F102PR,F102,R1,DC1,F12,172.5.8.63,Delta,P7,snmp,R,PDU
172.5.24.103,PDUE428,N1A,F12P7DC1R3J67PL,J67,R3,DC1,F12,172.5.24.103,Delta,P7,snmp,L,PDU
172.5.24.65,PDUE428,N2A,F12P7DC1R3X70PL,X70,R3,DC1,F12,172.5.24.65,Delta,P7,snmp,L,PDU
172.5.8.16,PDUE428,U5D,F12P7DC1R1R110PR,R110,R1,DC1,F12,172.5.8.16,Delta,P7,snmp,R,PDU
172.5.24.40,PDUE428,U6F,F12P7DC1R3J75PR,J75,R3,DC1,F12,172.5.24.40,Delta,P7,snmp,R,PDU
172.5.32.13,PDUE428,U3F,F12P7DC1R4K62PL,K62,R4,DC1,F12,172.5.32.13,Delta,P7,snmp,L,PDU
172.5.32.80,PDUE428,U2E,F12P7DC1R4M54PR,M54,R4,DC1,F12,172.5.32.80,Delta,P7,snmp,R,PDU
172.5.8.66,PDUE428,N3A,F12P7DC1R1H102PL,H102,R1,DC1,F12,172.5.8.66,Delta,P7,snmp,L,PDU
172.5.16.95,PDUE428,N7B,F12P7DC1R2C83PL,C83,R2,DC1,F12,172.5.16.95,Delta,P7,snmp,L,PDU
172.5.8.30,PDUE428,N7A,F12P7DC1R1F107PL,F107,R1,DC1,F12,172.5.8.30,Delta,P7,snmp,L,PDU
172.5.16.69,PDUE428,N4B,F12P7DC1R2F86PL,F86,R2,DC1,F12,172.5.16.69,Delta,P7,snmp,L,PDU
172.5.16.77,PDUE428,N4B,F12P7DC1R2L86PL,L86,R2,DC1,F12,172.5.16.77,Delta,P7,snmp,L,PDU
172.5.32.78,PDUE428,U2E,F12P7DC1R4K54PR,K54,R4,DC1,F12,172.5.32.78,Delta,P7,snmp,R,PDU
172.5.32.93,PDUE428,U5G,F12P7DC1R4Z54PL,Z54,R4,DC1,F12,172.5.32.93,Delta,P7,snmp,L,PDU
172.5.8.79,PDUE428,U6A,F12P7DC1R1T102PR,T102,R1,DC1,F12,172.5.8.79,Delta,P7,snmp,R,PDU
172.5.32.50,PDUE428,U4F,F12P7DC1R4O59PR,O59,R4,DC1,F12,172.5.32.50,Delta,P7,snmp,R,PDU
172.5.8.104,PDUE428,N3A,F12P7DC1R1L99PL,L99,R1,DC1,F12,172.5.8.104,Delta,P7,snmp,L,PDU
172.5.8.115,PDUE428,U5A,F12P7DC1R1V99PR,V99,R1,DC1,F12,172.5.8.115,Delta,P7,snmp,R,PDU
172.5.16.2,PDUE428,U8B,F12P7DC1R2C94PR,C94,R2,DC1,F12,172.5.16.2,Delta,P7,snmp,R,PDU
172.5.16.42,PDUE428,U7B,F12P7DC1R2J91PR,J91,R2,DC1,F12,172.5.16.42,Delta,P7,snmp,R,PDU
172.5.24.115,PDUE428,N2A,F12P7DC1R3U67PL,U67,R3,DC1,F12,172.5.24.115,Delta,P7,snmp,L,PDU
172.5.24.95,PDUE428,N1A,F12P7DC1R3E67PL,E67,R3,DC1,F12,172.5.24.95,Delta,P7,snmp,L,PDU
172.5.32.115,PDUE428,U5G,F12P7DC1R4R51PL,R51,R4,DC1,F12,172.5.32.115,Delta,P7,snmp,L,PDU
172.5.8.23,PDUE428,N4A,F12P7DC1R1X110PL,X110,R1,DC1,F12,172.5.8.23,Delta,P7,snmp,L,PDU
172.5.8.32,PDUE428,N7A,F12P7DC1R1G107PL,G107,R1,DC1,F12,172.5.8.32,Delta,P7,snmp,L,PDU
172.5.8.64,PDUE428,N3A,F12P7DC1R1F102PL,F102,R1,DC1,F12,172.5.8.64,Delta,P7,snmp,L,PDU
172.5.16.56,PDUE428,,F12P7DC1R2U91PR,U91,R2,DC1,F12,172.5.16.56,Delta,P7,snmp,R,PDU
172.5.24.54,PDUE428,U7F,F12P7DC1R3U75PR,U75,R3,DC1,F12,172.5.24.54,Delta,P7,snmp,R,PDU
172.5.32.112,PDUE428,U7G,F12P7DC1R4M51PR,M51,R4,DC1,F12,172.5.32.112,Delta,P7,snmp,R,PDU
172.5.32.16,PDUE428,U4F,F12P7DC1R4M62PR,M62,R4,DC1,F12,172.5.32.16,Delta,P7,snmp,R,PDU
172.5.8.25,PDUE428,U8A,F12P7DC1R1C107PR,C107,R1,DC1,F12,172.5.8.25,Delta,P7,snmp,R,PDU
172.5.32.94,PDUE428,U6G,F12P7DC1R4Z54PR,Z54,R4,DC1,F12,172.5.32.94,Delta,P7,snmp,R,PDU
172.5.8.72,PDUE428,N3A,F12P7DC1R1L102PL,L102,R1,DC1,F12,172.5.8.72,Delta,P7,snmp,L,PDU
172.5.16.38,PDUE428,U7B,F12P7DC1R2G91PR,G91,R2,DC1,F12,172.5.16.38,Delta,P7,snmp,R,PDU
172.5.16.41,PDUE428,N8B,F12P7DC1R2J91PL,J91,R2,DC1,F12,172.5.16.41,Delta,P7,snmp,L,PDU
172.5.16.9,PDUE428,N4A,F12P7DC1R2I94PL,I94,R2,DC1,F12,172.5.16.9,Delta,P7,snmp,L,PDU
172.5.24.41,PDUE428,U5F,F12P7DC1R3K75PL,K75,R3,DC1,F12,172.5.24.41,Delta,P7,snmp,L,PDU
172.5.8.73,PDUE428,U8D,F12P7DC1R1M102PR,M102,R1,DC1,F12,172.5.8.73,Delta,P7,snmp,R,PDU
172.5.32.70,PDUE428,U2E,F12P7DC1R4F54PR,F54,R4,DC1,F12,172.5.32.70,Delta,P7,snmp,R,PDU
172.5.32.9,PDUE428,U3F,F12P7DC1R4I62PL,I62,R4,DC1,F12,172.5.32.9,Delta,P7,snmp,L,PDU
172.5.32.90,PDUE428,U6G,F12P7DC1R4W54PR,W54,R4,DC1,F12,172.5.32.90,Delta,P7,snmp,R,PDU
172.5.16.119,PDUE428,,F12P7DC1R2U83PR,U83,R2,DC1,F12,172.5.16.119,Delta,P7,snmp,R,PDU
172.5.16.93,PDUE428,,F12P7DC1R2Z86PL,Z86,R2,DC1,F12,172.5.16.93,Delta,P7,snmp,L,PDU
172.5.24.122,PDUE428,U7C,F12P7DC1R3Y67PR,Y67,R3,DC1,F12,172.5.24.122,Delta,P7,snmp,R,PDU
172.5.24.50,PDUE428,U6F,F12P7DC1R3R75PR,R75,R3,DC1,F12,172.5.24.50,Delta,P7,snmp,R,PDU
172.5.24.66,PDUE428,U7C,F12P7DC1R3X70PR,X70,R3,DC1,F12,172.5.24.66,Delta,P7,snmp,R,PDU
172.5.32.92,PDUE428,U6G,F12P7DC1R4X54PR,X54,R4,DC1,F12,172.5.32.92,Delta,P7,snmp,R,PDU
172.5.8.99,PDUE428,U8D,F12P7DC1R1J99PR,J99,R1,DC1,F12,172.5.8.99,Delta,P7,snmp,R,PDU
172.5.24.116,PDUE428,U7C,F12P7DC1R3U67PR,U67,R3,DC1,F12,172.5.24.116,Delta,P7,snmp,R,PDU
172.5.24.33,PDUE428,U5F,F12P7DC1R3E75PL,E75,R3,DC1,F12,172.5.24.33,Delta,P7,snmp,L,PDU
172.5.24.76,PDUE428,U6C,F12P7DC1R3N70PR,N70,R3,DC1,F12,172.5.24.76,Delta,P7,snmp,R,PDU
172.5.32.23,PDUE428,N1B,F12P7DC1R4T62PL,T62,R4,DC1,F12,172.5.32.23,Delta,P7,snmp,L,PDU
172.5.8.58,PDUE428,N4A,F12P7DC1R1Z107PL,Z107,R1,DC1,F12,172.5.8.58,Delta,P7,snmp,L,PDU
172.5.24.110,PDUE428,U8C,F12P7DC1R3O67PR,O67,R3,DC1,F12,172.5.24.110,Delta,P7,snmp,R,PDU
172.5.24.4,PDUE428,U6F,F12P7DC1R3E78PR,E78,R3,DC1,F12,172.5.24.4,Delta,P7,snmp,R,PDU
172.5.24.46,PDUE428,U6F,F12P7DC1R3N75PR,N75,R3,DC1,F12,172.5.24.46,Delta,P7,snmp,R,PDU
172.5.8.76,PDUE428,N3A,F12P7DC1R1O102PL,O102,R1,DC1,F12,172.5.8.76,Delta,P7,snmp,L,PDU
172.5.16.23,PDUE428,N7B,F12P7DC1R2U94PL,U94,R2,DC1,F12,172.5.16.23,Delta,P7,snmp,L,PDU
172.5.32.81,PDUE428,U5G,F12P7DC1R4N54PL,N54,R4,DC1,F12,172.5.32.81,Delta,P7,snmp,L,PDU
172.5.16.16,PDUE428,U8B,F12P7DC1R2M94PR,M94,R2,DC1,F12,172.5.16.16,Delta,P7,snmp,R,PDU
172.5.16.88,PDUE428,,F12P7DC1R2U86PR,U86,R2,DC1,F12,172.5.16.88,Delta,P7,snmp,R,PDU
172.5.24.118,PDUE428,U7C,F12P7DC1R3V67PR,V67,R3,DC1,F12,172.5.24.118,Delta,P7,snmp,R,PDU
172.5.16.60,PDUE428,U7B,F12P7DC1R2W91PR,W91,R2,DC1,F12,172.5.16.60,Delta,P7,snmp,R,PDU
172.5.24.1,PDUE428,N5A,F12P7DC1R3C78PL,C78,R3,DC1,F12,172.5.24.1,Delta,P7,snmp,L,PDU
172.5.24.107,PDUE428,N1A,F12P7DC1R3M67PL,M67,R3,DC1,F12,172.5.24.107,Delta,P7,snmp,L,PDU
172.5.32.36,PDUE428,U4F,F12P7DC1R4E59PR,E59,R4,DC1,F12,172.5.32.36,Delta,P7,snmp,R,PDU
172.5.8.107,PDUE428,U8D,F12P7DC1R1O99PR,O99,R1,DC1,F12,172.5.8.107,Delta,P7,snmp,R,PDU
172.5.32.31,PDUE428,N1B,F12P7DC1R4Z62PL,Z62,R4,DC1,F12,172.5.32.31,Delta,P7,snmp,L,PDU
172.5.8.17,PDUE428,N4A,F12P7DC1R1T110PL,T110,R1,DC1,F12,172.5.8.17,Delta,P7,snmp,L,PDU
172.5.8.84,PDUE428,N7A,F12P7DC1R1W102PL,W102,R1,DC1,F12,172.5.8.84,Delta,P7,snmp,L,PDU
172.5.16.46,PDUE428,U7B,F12P7DC1R2L91PR,L91,R2,DC1,F12,172.5.16.46,Delta,P7,snmp,R,PDU
172.5.24.111,PDUE428,N2A,F12P7DC1R3R67PL,R67,R3,DC1,F12,172.5.24.111,Delta,P7,snmp,L,PDU
172.5.24.20,PDUE428,N6A,F12P7DC1R3R78PL,R78,R3,DC1,F12,172.5.24.20,Delta,P7,snmp,L,PDU
172.5.16.7,PDUE428,N4A,F12P7DC1R2H94PL,H94,R2,DC1,F12,172.5.16.7,Delta,P7,snmp,L,PDU
172.5.24.88,PDUE428,U8C,F12P7DC1R3F70PR,F70,R3,DC1,F12,172.5.24.88,Delta,P7,snmp,R,PDU
172.5.32.118,PDUE428,U6G,F12P7DC1R4S51PR,S51,R4,DC1,F12,172.5.32.118,Delta,P7,snmp,R,PDU
172.5.32.5,PDUE428,U3F,F12P7DC1R4F62PL,F62,R4,DC1,F12,172.5.32.5,Delta,P7,snmp,L,PDU
172.5.8.61,PDUE428,U8D,F12P7DC1R1E102PR,E102,R1,DC1,F12,172.5.8.61,Delta,P7,snmp,R,PDU
172.5.16.44,PDUE428,U7B,F12P7DC1R2K91PR,K91,R2,DC1,F12,172.5.16.44,Delta,P7,snmp,R,PDU
172.5.24.23,PDUE428,N6A,F12P7DC1R3U78PL,U78,R3,DC1,F12,172.5.24.23,Delta,P7,snmp,L,PDU
172.5.24.87,PDUE428,U5C,F12P7DC1R3F70PL,F70,R3,DC1,F12,172.5.24.87,Delta,P7,snmp,L,PDU
172.5.32.91,PDUE428,U5G,F12P7DC1R4X54PL,X54,R4,DC1,F12,172.5.32.91,Delta,P7,snmp,L,PDU
172.5.8.60,PDUE428,N3A,F12P7DC1R1C102PL,C102,R1,DC1,F12,172.5.8.60,Delta,P7,snmp,L,PDU
172.5.24.39,PDUE428,U5F,F12P7DC1R3J75PL,J75,R3,DC1,F12,172.5.24.39,Delta,P7,snmp,L,PDU
172.5.32.46,PDUE428,U4F,F12P7DC1R4L59PR,L59,R4,DC1,F12,172.5.32.46,Delta,P7,snmp,R,PDU
172.5.16.120,PDUE428,,F12P7DC1R2U83PL,U83,R2,DC1,F12,172.5.16.120,Delta,P7,snmp,L,PDU
172.5.8.15,PDUE428,N4A,F12P7DC1R1R110PL,R110,R1,DC1,F12,172.5.8.15,Delta,P7,snmp,L,PDU
172.5.16.111,PDUE428,N7B,F12P7DC1R2N83PL,N83,R2,DC1,F12,172.5.16.111,Delta,P7,snmp,L,PDU
172.5.16.52,PDUE428,U7E,F12P7DC1R2R91PR,R91,R2,DC1,F12,172.5.16.52,Delta,P7,snmp,R,PDU
172.5.16.81,PDUE428,N4B,F12P7DC1R2O86PL,O86,R2,DC1,F12,172.5.16.81,Delta,P7,snmp,L,PDU
172.5.24.70,PDUE428,U7C,F12P7DC1R3U70PR,U70,R3,DC1,F12,172.5.24.70,Delta,P7,snmp,R,PDU
172.5.32.28,PDUE428,U8G,F12P7DC1R4W62PR,W62,R4,DC1,F12,172.5.32.28,Delta,P7,snmp,R,PDU
172.5.16.114,PDUE428,U8E,F12P7DC1R2O83PR,O83,R2,DC1,F12,172.5.16.114,Delta,P7,snmp,R,PDU
172.5.16.115,PDUE428,,F12P7DC1R2R83PL,R83,R2,DC1,F12,172.5.16.115,Delta,P7,snmp,L,PDU
172.5.16.63,PDUE428,N4B,F12P7DC1R2Z91PL,Z91,R2,DC1,F12,172.5.16.63,Delta,P7,snmp,L,PDU
172.5.32.122,PDUE428,U6G,F12P7DC1R4V51PR,V51,R4,DC1,F12,172.5.32.122,Delta,P7,snmp,R,PDU
172.5.24.73,PDUE428,U5C,F12P7DC1R3R70PL,R70,R3,DC1,F12,172.5.24.73,Delta,P7,snmp,L,PDU
172.5.32.38,PDUE428,U4F,F12P7DC1R4G59PR,G59,R4,DC1,F12,172.5.32.38,Delta,P7,snmp,R,PDU
172.5.16.103,PDUE428,N7B,F12P7DC1R2H83PL,H83,R2,DC1,F12,172.5.16.103,Delta,P7,snmp,L,PDU
172.5.16.75,PDUE428,N4B,F12P7DC1R2J86PL,J86,R2,DC1,F12,172.5.16.75,Delta,P7,snmp,L,PDU
172.5.24.68,PDUE428,U7C,F12P7DC1R3W70PR,W70,R3,DC1,F12,172.5.24.68,Delta,P7,snmp,R,PDU
172.5.16.17,PDUE428,N3B,F12P7DC1R2O94PL,O94,R2,DC1,F12,172.5.16.17,Delta,P7,snmp,L,PDU
172.5.16.97,PDUE428,N7B,F12P7DC1R2D83PL,D83,R2,DC1,F12,172.5.16.97,Delta,P7,snmp,L,PDU
172.5.16.73,PDUE428,N4B,F12P7DC1R2I86PL,I86,R2,DC1,F12,172.5.16.73,Delta,P7,snmp,L,PDU
172.5.8.113,PDUE428,U5A,F12P7DC1R1U99PR,U99,R1,DC1,F12,172.5.8.113,Delta,P7,snmp,R,PDU
172.5.16.54,PDUE428,U7E,F12P7DC1R2S91PR,S91,R2,DC1,F12,172.5.16.54,Delta,P7,snmp,R,PDU
172.5.24.71,PDUE428,N2A,F12P7DC1R3T70PL,T70,R3,DC1,F12,172.5.24.71,Delta,P7,snmp,L,PDU
172.5.32.119,PDUE428,U5G,F12P7DC1R4U51PL,U51,R4,DC1,F12,172.5.32.119,Delta,P7,snmp,L,PDU
172.5.8.85,PDUE428,U6A,F12P7DC1R1X102PR,X102,R1,DC1,F12,172.5.8.85,Delta,P7,snmp,R,PDU
172.5.8.45,PDUE428,U5D,F12P7DC1R1R107PR,R107,R1,DC1,F12,172.5.8.45,Delta,P7,snmp,R,PDU
172.5.8.93,PDUE428,U8D,F12P7DC1R1F99PR,F99,R1,DC1,F12,172.5.8.93,Delta,P7,snmp,R,PDU
172.5.24.101,PDUE428,N1A,F12P7DC1R3I67PL,I67,R3,DC1,F12,172.5.24.101,Delta,P7,snmp,L,PDU
172.5.24.2,PDUE428,U6F,F12P7DC1R3C78PR,C78,R3,DC1,F12,172.5.24.2,Delta,P7,snmp,R,PDU
172.5.24.69,PDUE428,N2A,F12P7DC1R3U70PL,U70,R3,DC1,F12,172.5.24.69,Delta,P7,snmp,L,PDU
172.5.32.79,PDUE428,U1E,F12P7DC1R4M54PL,M54,R4,DC1,F12,172.5.32.79,Delta,P7,snmp,L,PDU
172.5.8.19,PDUE428,N4A,F12P7DC1R1U110PL,U110,R1,DC1,F12,172.5.8.19,Delta,P7,snmp,L,PDU
172.5.8.1,PDUE428,U7A,F12P7DC1R1E110PR,E110,R1,DC1,F12,172.5.8.1,Delta,P7,snmp,R,PDU
172.5.24.24,PDUE428,U7F,F12P7DC1R3U78PR,U78,R3,DC1,F12,172.5.24.24,Delta,P7,snmp,R,PDU
172.5.24.67,PDUE428,N2A,F12P7DC1R3W70PL,W70,R3,DC1,F12,172.5.24.67,Delta,P7,snmp,L,PDU
172.5.16.6,PDUE428,U8B,F12P7DC1R2F94PR,F94,R2,DC1,F12,172.5.16.6,Delta,P7,snmp,R,PDU
172.5.24.14,PDUE428,U6C,F12P7DC1R3L78PR,L78,R3,DC1,F12,172.5.24.14,Delta,P7,snmp,R,PDU
172.5.32.12,PDUE428,U4F,F12P7DC1R4J62PR,J62,R4,DC1,F12,172.5.32.12,Delta,P7,snmp,R,PDU
172.5.8.116,PDUE428,N8A,F12P7DC1R1V99PL,V99,R1,DC1,F12,172.5.8.116,Delta,P7,snmp,L,PDU
172.5.16.43,PDUE428,N8B,F12P7DC1R2K91PL,K91,R2,DC1,F12,172.5.16.43,Delta,P7,snmp,L,PDU
172.5.16.51,PDUE428,N4B,F12P7DC1R2R91PL,R91,R2,DC1,F12,172.5.16.51,Delta,P7,snmp,L,PDU
172.5.24.102,PDUE428,U6C,F12P7DC1R3I67PR,I67,R3,DC1,F12,172.5.24.102,Delta,P7,snmp,R,PDU
172.5.24.10,PDUE428,U6C,F12P7DC1R3I78PR,I78,R3,DC1,F12,172.5.24.10,Delta,P7,snmp,R,PDU
172.5.32.39,PDUE428,U3F,F12P7DC1R4H59PL,H59,R4,DC1,F12,172.5.32.39,Delta,P7,snmp,L,PDU
172.5.8.101,PDUE428,U8D,F12P7DC1R1K99PR,K99,R1,DC1,F12,172.5.8.101,Delta,P7,snmp,R,PDU
172.5.8.39,PDUE428,U8A,F12P7DC1R1L107PR,L107,R1,DC1,F12,172.5.8.39,Delta,P7,snmp,R,PDU
172.6.8.122,PDUE428,,F20DC1R1Z99PL,Z99,R1,DC1,F20,172.6.8.122,Delta,none,snmp,L,PDU
172.5.8.96,PDUE428,N3A,F12P7DC1R1G99PL,G99,R1,DC1,F12,172.5.8.96,Delta,P7,snmp,L,PDU
172.5.16.104,PDUE428,U8E,F12P7DC1R2H83PR,H83,R2,DC1,F12,172.5.16.104,Delta,P7,snmp,R,PDU
172.5.24.36,PDUE428,U6F,F12P7DC1R3G75PR,G75,R3,DC1,F12,172.5.24.36,Delta,P7,snmp,R,PDU
172.5.24.44,PDUE428,U6F,F12P7DC1R3L75PR,L75,R3,DC1,F12,172.5.24.44,Delta,P7,snmp,R,PDU
172.5.24.9,PDUE428,N5A,F12P7DC1R3I78PL,I78,R3,DC1,F12,172.5.24.9,Delta,P7,snmp,L,PDU
172.5.32.19,PDUE428,U3F,F12P7DC1R4O62PL,O62,R4,DC1,F12,172.5.32.19,Delta,P7,snmp,L,PDU
172.5.16.112,PDUE428,U8E,F12P7DC1R2N83PR,N83,R2,DC1,F12,172.5.16.112,Delta,P7,snmp,R,PDU
172.5.16.31,PDUE428,N8B,F12P7DC1R2C91PL,C91,R2,DC1,F12,172.5.16.31,Delta,P7,snmp,L,PDU
172.5.16.74,PDUE428,U7E,F12P7DC1R2I86PR,I86,R2,DC1,F12,172.5.16.74,Delta,P7,snmp,R,PDU
172.5.8.103,PDUE428,U8D,F12P7DC1R1L99PR,L99,R1,DC1,F12,172.5.8.103,Delta,P7,snmp,R,PDU
172.5.16.128,PDUE428,,F12P7DC1R2Z83PR,Z83,R2,DC1,F12,172.5.16.128,Delta,P7,snmp,R,PDU
172.5.16.67,PDUE428,N4B,F12P7DC1R2E86PL,E86,R2,DC1,F12,172.5.16.67,Delta,P7,snmp,L,PDU
172.5.24.55,PDUE428,N6A,F12P7DC1R3V75PL,V75,R3,DC1,F12,172.5.24.55,Delta,P7,snmp,L,PDU
172.5.32.75,PDUE428,U1E,F12P7DC1R4J54PL,J54,R4,DC1,F12,172.5.32.75,Delta,P7,snmp,L,PDU
172.5.8.83,PDUE428,U6A,F12P7DC1R1W102PR,W102,R1,DC1,F12,172.5.8.83,Delta,P7,snmp,R,PDU
172.5.16.118,PDUE428,,F12P7DC1R2S83PR,S83,R2,DC1,F12,172.5.16.118,Delta,P7,snmp,R,PDU
172.5.16.124,PDUE428,,F12P7DC1R2W83PR,W83,R2,DC1,F12,172.5.16.124,Delta,P7,snmp,R,PDU
172.5.16.4,PDUE428,U8B,F12P7DC1R2E94PR,E94,R2,DC1,F12,172.5.16.4,Delta,P7,snmp,R,PDU
172.5.32.116,PDUE428,U6G,F12P7DC1R4R51PR,R51,R4,DC1,F12,172.5.32.116,Delta,P7,snmp,R,PDU
172.5.32.4,PDUE428,U4F,F12P7DC1R4E62PR,E62,R4,DC1,F12,172.5.32.4,Delta,P7,snmp,R,PDU
172.5.8.41,PDUE428,U8A,F12P7DC1R1N107PR,N107,R1,DC1,F12,172.5.8.41,Delta,P7,snmp,R,PDU
172.5.8.6,PDUE428,N8A,F12P7DC1R1H110PL,H110,R1,DC1,F12,172.5.8.6,Delta,P7,snmp,L,PDU
172.5.24.119,PDUE428,N2A,F12P7DC1R3W67PL,W67,R3,DC1,F12,172.5.24.119,Delta,P7,snmp,L,PDU
172.5.24.28,PDUE428,U7F,F12P7DC1R3X78PR,X78,R3,DC1,F12,172.5.24.28,Delta,P7,snmp,R,PDU
172.5.24.34,PDUE428,U6F,F12P7DC1R3E75PR,E75,R3,DC1,F12,172.5.24.34,Delta,P7,snmp,R,PDU
172.5.32.8,PDUE428,U4F,F12P7DC1R4G62PR,G62,R4,DC1,F12,172.5.32.8,Delta,P7,snmp,R,PDU
172.5.8.108,PDUE428,N3A,F12P7DC1R1O99PL,O99,R1,DC1,F12,172.5.8.108,Delta,P7,snmp,L,PDU
172.5.15.1,PDUE428,N8A,F12P7DC1R1L110PL,L110,R1,DC1,F12,172.5.15.1,Delta,P7,snmp,L,PDU
172.5.8.118,PDUE428,N8A,F12P7DC1R1W99PL,W99,R1,DC1,F12,172.5.8.118,Delta,P7,snmp,L,PDU
172.5.8.31,PDUE428,U8A,F12P7DC1R1G107PR,G107,R1,DC1,F12,172.5.8.31,Delta,P7,snmp,R,PDU
172.5.24.49,PDUE428,U5F,F12P7DC1R3R75PL,R75,R3,DC1,F12,172.5.24.49,Delta,P7,snmp,L,PDU
172.5.32.88,PDUE428,U6G,F12P7DC1R4U54PR,U54,R4,DC1,F12,172.5.32.88,Delta,P7,snmp,R,PDU
172.5.32.72,PDUE428,U2E,F12P7DC1R4G54PR,G54,R4,DC1,F12,172.5.32.72,Delta,P7,snmp,R,PDU
172.5.8.62,PDUE428,N3A,F12P7DC1R1E102PL,E102,R1,DC1,F12,172.5.8.62,Delta,P7,snmp,L,PDU
172.5.16.64,PDUE428,U7B,F12P7DC1R2Z91PR,Z91,R2,DC1,F12,172.5.16.64,Delta,P7,snmp,R,PDU
172.5.32.120,PDUE428,U6G,F12P7DC1R4U51PR,U51,R4,DC1,F12,172.5.32.120,Delta,P7,snmp,R,PDU
172.5.32.34,PDUE428,U4F,F12P7DC1R4D59PR,D59,R4,DC1,F12,172.5.32.34,Delta,P7,snmp,R,PDU
172.5.32.84,PDUE428,U6G,F12P7DC1R4R54PR,R54,R4,DC1,F12,172.5.32.84,Delta,P7,snmp,R,PDU
172.5.8.37,PDUE428,U8A,F12P7DC1R1K107PR,K107,R1,DC1,F12,172.5.8.37,Delta,P7,snmp,R,PDU
172.5.16.22,PDUE428,U8B,F12P7DC1R2T94PR,T94,R2,DC1,F12,172.5.16.22,Delta,P7,snmp,R,PDU
172.5.32.54,PDUE428,U2E,F12P7DC1R4S59PR,S59,R4,DC1,F12,172.5.32.54,Delta,P7,snmp,R,PDU
172.5.32.62,PDUE428,U8G,F12P7DC1R4Y59PR,Y59,R4,DC1,F12,172.5.32.62,Delta,P7,snmp,R,PDU
172.5.32.96,PDUE428,U2E,F12P7DC1R4C51PR,C51,R4,DC1,F12,172.5.32.96,Delta,P7,snmp,R,PDU
172.5.8.56,PDUE428,N4A,F12P7DC1R1Y107PL,Y107,R1,DC1,F12,172.5.8.56,Delta,P7,snmp,L,PDU
172.5.16.45,PDUE428,N8B,F12P7DC1R2L91PL,L91,R2,DC1,F12,172.5.16.45,Delta,P7,snmp,L,PDU
172.5.32.101,PDUE428,,F12P7DC1R4G51PL,G51,R4,DC1,F12,172.5.32.101,Delta,P7,snmp,L,PDU
172.5.32.73,PDUE428,,F12P7DC1R4I54PL,I54,R4,DC1,F12,172.5.32.73,Delta,P7,snmp,L,PDU
172.5.8.105,PDUE428,U8D,F12P7DC1R1N99PR,N99,R1,DC1,F12,172.5.8.105,Delta,P7,snmp,R,PDU
172.5.32.57,PDUE428,N1B,F12P7DC1R4V59PL,V59,R4,DC1,F12,172.5.32.57,Delta,P7,snmp,L,PDU
172.5.8.111,PDUE428,U5A,F12P7DC1R1S99PR,S99,R1,DC1,F12,172.5.8.111,Delta,P7,snmp,R,PDU
172.5.24.32,PDUE428,U6F,F12P7DC1R3D75PR,D75,R3,DC1,F12,172.5.24.32,Delta,P7,snmp,R,PDU
172.5.32.107,PDUE428,N2B,F12P7DC1R4K51PL,K51,R4,DC1,F12,172.5.32.107,Delta,P7,snmp,L,PDU
172.5.8.13,PDUE428,N8A,F12P7DC1R1O110PL,O110,R1,DC1,F12,172.5.8.13,Delta,P7,snmp,L,PDU
172.5.16.30,PDUE428,,F12P7DC1R2Z94PR,Z94,R2,DC1,F12,172.5.16.30,Delta,P7,snmp,R,PDU
172.5.24.43,PDUE428,U5F,F12P7DC1R3L75PL,L75,R3,DC1,F12,172.5.24.43,Delta,P7,snmp,L,PDU
172.5.32.45,PDUE428,U3F,F12P7DC1R4L59PL,L59,R4,DC1,F12,172.5.32.45,Delta,P7,snmp,L,PDU
172.5.16.15,PDUE428,N3B,F12P7DC1R2M94PL,M94,R2,DC1,F12,172.5.16.15,Delta,P7,snmp,L,PDU
172.5.16.91,PDUE428,,F12P7DC1R2X86PL,X86,R2,DC1,F12,172.5.16.91,Delta,P7,snmp,L,PDU
172.5.24.62,PDUE428,U7F,F12P7DC1R3Z75PR,Z75,R3,DC1,F12,172.5.24.62,Delta,P7,snmp,R,PDU
172.5.32.55,PDUE428,N1B,F12P7DC1R4U59PL,U59,R4,DC1,F12,172.5.32.55,Delta,P7,snmp,L,PDU
172.5.16.127,PDUE428,,F12P7DC1R2Z83PL,Z83,R2,DC1,F12,172.5.16.127,Delta,P7,snmp,L,PDU
172.5.16.89,PDUE428,,F12P7DC1R2W86PL,W86,R2,DC1,F12,172.5.16.89,Delta,P7,snmp,L,PDU
172.5.24.96,PDUE428,U6C,F12P7DC1R3E67PR,E67,R3,DC1,F12,172.5.24.96,Delta,P7,snmp,R,PDU
172.5.32.10,PDUE428,U4F,F12P7DC1R4I62PR,I62,R4,DC1,F12,172.5.32.10,Delta,P7,snmp,R,PDU
172.5.32.121,PDUE428,U5G,F12P7DC1R4V51PL,V51,R4,DC1,F12,172.5.32.121,Delta,P7,snmp,L,PDU
172.5.32.18,PDUE428,U4F,F12P7DC1R4N62PR,N62,R4,DC1,F12,172.5.32.18,Delta,P7,snmp,R,PDU
172.5.8.38,PDUE428,N7A,F12P7DC1R1K107PL,K107,R1,DC1,F12,172.5.8.38,Delta,P7,snmp,L,PDU
172.5.8.44,PDUE428,N7A,F12P7DC1R1O107PL,O107,R1,DC1,F12,172.5.8.44,Delta,P7,snmp,L,PDU
172.5.8.91,PDUE428,U8D,F12P7DC1R1D99PR,D99,R1,DC1,F12,172.5.8.91,Delta,P7,snmp,R,PDU
172.5.16.32,PDUE428,U7B,F12P7DC1R2C91PR,C91,R2,DC1,F12,172.5.16.32,Delta,P7,snmp,R,PDU
172.5.24.19,PDUE428,U7F,F12P7DC1R3R78PR,R78,R3,DC1,F12,172.5.24.19,Delta,P7,snmp,R,PDU
172.5.8.68,PDUE428,N3A,F12P7DC1R1I102PL,I102,R1,DC1,F12,172.5.8.68,Delta,P7,snmp,L,PDU
172.5.16.50,PDUE428,U7B,F12P7DC1R2O91PR,O91,R2,DC1,F12,172.5.16.50,Delta,P7,snmp,R,PDU
172.5.24.114,PDUE428,U7C,F12P7DC1R3S67PR,S67,R3,DC1,F12,172.5.24.114,Delta,P7,snmp,R,PDU
172.5.24.22,PDUE428,U7F,F12P7DC1R3T78PR,T78,R3,DC1,F12,172.5.24.22,Delta,P7,snmp,R,PDU
172.5.24.52,PDUE428,U7F,F12P7DC1R3S75PR,S75,R3,DC1,F12,172.5.24.52,Delta,P7,snmp,R,PDU
172.5.8.28,PDUE428,N7A,F12P7DC1R1D107PL,D107,R1,DC1,F12,172.5.8.28,Delta,P7,snmp,L,PDU
172.5.8.65,PDUE428,U8D,F12P7DC1R1H102PR,H102,R1,DC1,F12,172.5.8.65,Delta,P7,snmp,R,PDU
172.5.16.26,PDUE428,U8E,F12P7DC1R2W94PR,W94,R2,DC1,F12,172.5.16.26,Delta,P7,snmp,R,PDU
172.5.16.61,PDUE428,N4B,F12P7DC1R2Y91PL,Y91,R2,DC1,F12,172.5.16.61,Delta,P7,snmp,L,PDU
172.5.16.96,PDUE428,U8E,F12P7DC1R2C83PR,C83,R2,DC1,F12,172.5.16.96,Delta,P7,snmp,R,PDU
172.5.32.41,PDUE428,U3F,F12P7DC1R4J59PL,J59,R4,DC1,F12,172.5.32.41,Delta,P7,snmp,L,PDU
172.5.32.53,PDUE428,U1E,F12P7DC1R4S59PL,S59,R4,DC1,F12,172.5.32.53,Delta,P7,snmp,L,PDU
172.5.16.117,PDUE428,,F12P7DC1R2S83PL,S83,R2,DC1,F12,172.5.16.117,Delta,P7,snmp,L,PDU
172.5.16.33,PDUE428,N8B,F12P7DC1R2D91PL,D91,R2,DC1,F12,172.5.16.33,Delta,P7,snmp,L,PDU
172.5.32.40,PDUE428,U4F,F12P7DC1R4H59PR,H59,R4,DC1,F12,172.5.32.40,Delta,P7,snmp,R,PDU
172.5.32.49,PDUE428,U3F,F12P7DC1R4O59PL,O59,R4,DC1,F12,172.5.32.49,Delta,P7,snmp,L,PDU
172.5.16.108,PDUE428,U8E,F12P7DC1R2K83PR,K83,R2,DC1,F12,172.5.16.108,Delta,P7,snmp,R,PDU
172.5.32.43,PDUE428,U3F,F12P7DC1R4K59PL,K59,R4,DC1,F12,172.5.32.43,Delta,P7,snmp,L,PDU
172.5.32.48,PDUE428,,F12P7DC1R4N59PR,N59,R4,DC1,F12,172.5.32.48,Delta,P7,snmp,R,PDU
172.5.16.18,PDUE428,U8B,F12P7DC1R2O94PR,O94,R2,DC1,F12,172.5.16.18,Delta,P7,snmp,R,PDU
172.5.16.66,PDUE428,U7E,F12P7DC1R2C86PR,C86,R2,DC1,F12,172.5.16.66,Delta,P7,snmp,R,PDU
172.5.16.70,PDUE428,U7E,F12P7DC1R2F86PR,F86,R2,DC1,F12,172.5.16.70,Delta,P7,snmp,R,PDU
172.5.24.108,PDUE428,U6C,F12P7DC1R3M67PR,M67,R3,DC1,F12,172.5.24.108,Delta,P7,snmp,R,PDU
172.5.24.29,PDUE428,,F12P7DC1R3Z78PL,Z78,R3,DC1,F12,172.5.24.29,Delta,P7,snmp,L,PDU
172.5.32.83,PDUE428,U5G,F12P7DC1R4R54PL,R54,R4,DC1,F12,172.5.32.83,Delta,P7,snmp,L,PDU
172.5.32.98,PDUE428,U2E,F12P7DC1R4D51PR,D51,R4,DC1,F12,172.5.32.98,Delta,P7,snmp,R,PDU
172.5.8.54,PDUE428,N4A,F12P7DC1R1W107PL,W107,R1,DC1,F12,172.5.8.54,Delta,P7,snmp,L,PDU
172.5.16.36,PDUE428,U7B,F12P7DC1R2F91PR,F91,R2,DC1,F12,172.5.16.36,Delta,P7,snmp,R,PDU
172.5.24.6,PDUE428,U6F,F12P7DC1R3F78PR,F78,R3,DC1,F12,172.5.24.6,Delta,P7,snmp,R,PDU
172.5.32.102,PDUE428,,F12P7DC1R4G51PR,G51,R4,DC1,F12,172.5.32.102,Delta,P7,snmp,R,PDU
172.5.32.114,PDUE428,U2E,F12P7DC1R4O51PR,O51,R4,DC1,F12,172.5.32.114,Delta,P7,snmp,R,PDU
172.5.32.26,PDUE428,U8G,F12P7DC1R4U62PR,U62,R4,DC1,F12,172.5.32.26,Delta,P7,snmp,R,PDU
172.5.8.57,PDUE428,U7D,F12P7DC1R1Z107PR,Z107,R1,DC1,F12,172.5.8.57,Delta,P7,snmp,R,PDU
172.5.8.27,PDUE428,U8A,F12P7DC1R1D107PR,D107,R1,DC1,F12,172.5.8.27,Delta,P7,snmp,R,PDU
172.5.16.85,PDUE428,,F12P7DC1R2T86PL,T86,R2,DC1,F12,172.5.16.85,Delta,P7,snmp,L,PDU
172.5.24.94,PDUE428,U6C,F12P7DC1R3C67PR,C67,R3,DC1,F12,172.5.24.94,Delta,P7,snmp,R,PDU
172.5.32.21,PDUE428,N1B,F12P7DC1R4R62PL,R62,R4,DC1,F12,172.5.32.21,Delta,P7,snmp,L,PDU
172.5.32.66,PDUE428,U2E,F12P7DC1R4C54PR,C54,R4,DC1,F12,172.5.32.66,Delta,P7,snmp,R,PDU
172.5.8.119,PDUE428,U5A,F12P7DC1R1Y99PR,Y99,R1,DC1,F12,172.5.8.119,Delta,P7,snmp,R,PDU
172.5.32.3,PDUE428,U3F,F12P7DC1R4E62PL,E62,R4,DC1,F12,172.5.32.3,Delta,P7,snmp,L,PDU
172.5.16.25,PDUE428,N7B,F12P7DC1R2W94PL,W94,R2,DC1,F12,172.5.16.25,Delta,P7,snmp,L,PDU
172.5.24.59,PDUE428,N6A,F12P7DC1R3Y75PL,Y75,R3,DC1,F12,172.5.24.59,Delta,P7,snmp,L,PDU
172.5.8.43,PDUE428,U8A,F12P7DC1R1O107PR,O107,R1,DC1,F12,172.5.8.43,Delta,P7,snmp,R,PDU
172.5.16.78,PDUE428,U7E,F12P7DC1R2L86PR,L86,R2,DC1,F12,172.5.16.78,Delta,P7,snmp,R,PDU
172.5.24.64,PDUE428,U7C,F12P7DC1R3Z70PR,Z70,R3,DC1,F12,172.5.24.64,Delta,P7,snmp,R,PDU
172.5.8.71,PDUE428,U8D,F12P7DC1R1L102PR,L102,R1,DC1,F12,172.5.8.71,Delta,P7,snmp,R,PDU
172.5.8.26,PDUE428,N7A,F12P7DC1R1C107PL,C107,R1,DC1,F12,172.5.8.26,Delta,P7,snmp,L,PDU
172.5.8.48,PDUE428,N4A,F12P7DC1R1S107PL,S107,R1,DC1,F12,172.5.8.48,Delta,P7,snmp,L,PDU
172.5.8.55,PDUE428,U7D,F12P7DC1R1Y107PR,Y107,R1,DC1,F12,172.5.8.55,Delta,P7,snmp,R,PDU
172.5.16.1,PDUE428,N4A,F12P7DC1R2C94PL,C94,R2,DC1,F12,172.5.16.1,Delta,P7,snmp,L,PDU
172.5.16.101,PDUE428,N7B,F12P7DC1R2G83PL,G83,R2,DC1,F12,172.5.16.101,Delta,P7,snmp,L,PDU
172.5.16.116,PDUE428,,F12P7DC1R2R83PR,R83,R2,DC1,F12,172.5.16.116,Delta,P7,snmp,R,PDU
172.5.16.29,PDUE428,,F12P7DC1R2Z94PL,Z94,R2,DC1,F12,172.5.16.29,Delta,P7,snmp,L,PDU
172.5.16.72,PDUE428,U7E,F12P7DC1R2H86PR,H86,R2,DC1,F12,172.5.16.72,Delta,P7,snmp,R,PDU
172.5.24.53,PDUE428,N6A,F12P7DC1R3U75PL,U75,R3,DC1,F12,172.5.24.53,Delta,P7,snmp,L,PDU
172.5.32.109,PDUE428,N2B,F12P7DC1R4L51PL,L51,R4,DC1,F12,172.5.32.109,Delta,P7,snmp,L,PDU
172.5.8.98,PDUE428,N3A,F12P7DC1R1H99PL,H99,R1,DC1,F12,172.5.8.98,Delta,P7,snmp,L,PDU
172.5.8.22,PDUE428,U5D,F12P7DC1R1W110PR,W110,R1,DC1,F12,172.5.8.22,Delta,P7,snmp,R,PDU
172.5.8.110,PDUE428,N8A,F12P7DC1R1R99PL,R99,R1,DC1,F12,172.5.8.110,Delta,P7,snmp,L,PDU
172.5.8.34,PDUE428,N7A,F12P7DC1R1H107PL,H107,R1,DC1,F12,172.5.8.34,Delta,P7,snmp,L,PDU
172.5.8.95,PDUE428,U8D,F12P7DC1R1G99PR,G99,R1,DC1,F12,172.5.8.95,Delta,P7,snmp,R,PDU
172.5.16.82,PDUE428,U7E,F12P7DC1R2O86PR,O86,R2,DC1,F12,172.5.16.82,Delta,P7,snmp,R,PDU
172.5.16.83,PDUE428,,F12P7DC1R2R86PL,R86,R2,DC1,F12,172.5.16.83,Delta,P7,snmp,L,PDU
172.5.24.112,PDUE428,U7C,F12P7DC1R3R67PR,R67,R3,DC1,F12,172.5.24.112,Delta,P7,snmp,R,PDU
172.5.32.6,PDUE428,U4F,F12P7DC1R4F62PR,F62,R4,DC1,F12,172.5.32.6,Delta,P7,snmp,R,PDU
172.5.32.85,PDUE428,U5G,F12P7DC1R4T54PL,T54,R4,DC1,F12,172.5.32.85,Delta,P7,snmp,L,PDU
172.5.8.21,PDUE428,N4A,F12P7DC1R1W110PL,W110,R1,DC1,F12,172.5.8.21,Delta,P7,snmp,L,PDU
172.5.16.28,PDUE428,U8E,F12P7DC1R2X94PR,X94,R2,DC1,F12,172.5.16.28,Delta,P7,snmp,R,PDU
172.5.24.74,PDUE428,U6C,F12P7DC1R3R70PR,R70,R3,DC1,F12,172.5.24.74,Delta,P7,snmp,R,PDU
172.5.24.85,PDUE428,N1A,F12P7DC1R3G70PL,G70,R3,DC1,F12,172.5.24.85,Delta,P7,snmp,L,PDU
172.5.32.105,PDUE428,U1E,F12P7DC1R4I51PL,I51,R4,DC1,F12,172.5.32.105,Delta,P7,snmp,L,PDU
172.5.32.123,PDUE428,U5G,F12P7DC1R4W51PL,W51,R4,DC1,F12,172.5.32.123,Delta,P7,snmp,L,PDU
172.5.32.99,PDUE428,U1E,F12P7DC1R4E51PL,E51,R4,DC1,F12,172.5.32.99,Delta,P7,snmp,L,PDU
172.5.16.58,PDUE428,U7E,F12P7DC1R2V91PR,V91,R2,DC1,F12,172.5.16.58,Delta,P7,snmp,R,PDU
172.5.24.104,PDUE428,U6C,F12P7DC1R3J67PR,J67,R3,DC1,F12,172.5.24.104,Delta,P7,snmp,R,PDU
172.5.24.13,PDUE428,N5A,F12P7DC1R3L78PL,L78,R3,DC1,F12,172.5.24.13,Delta,P7,snmp,L,PDU
172.5.32.27,PDUE428,N1B,F12P7DC1R4W62PL,W62,R4,DC1,F12,172.5.32.27,Delta,P7,snmp,L,PDU
172.5.32.56,PDUE428,U8G,F12P7DC1R4U59PR,U59,R4,DC1,F12,172.5.32.56,Delta,P7,snmp,R,PDU
172.5.16.10,PDUE428,U8B,F12P7DC1R2I94PR,I94,R2,DC1,F12,172.5.16.10,Delta,P7,snmp,R,PDU
172.5.8.106,PDUE428,N3A,F12P7DC1R1N99PL,N99,R1,DC1,F12,172.5.8.106,Delta,P7,snmp,L,PDU
172.5.8.50,PDUE428,N4A,F12P7DC1R1U107PL,U107,R1,DC1,F12,172.5.8.50,Delta,P7,snmp,L,PDU
172.5.16.99,PDUE428,N7B,F12P7DC1R2F83PL,F83,R2,DC1,F12,172.5.16.99,Delta,P7,snmp,L,PDU
172.5.8.77,PDUE428,U6A,F12P7DC1R1R102PR,R102,R1,DC1,F12,172.5.8.77,Delta,P7,snmp,R,PDU
172.5.24.83,PDUE428,U5C,F12P7DC1R3I70PL,I70,R3,DC1,F12,172.5.24.83,Delta,P7,snmp,L,PDU
172.5.32.106,PDUE428,U2E,F12P7DC1R4I51PR,I51,R4,DC1,F12,172.5.32.106,Delta,P7,snmp,R,PDU
172.5.32.127,PDUE428,U5G,F12P7DC1R4Z51PL,Z51,R4,DC1,F12,172.5.32.127,Delta,P7,snmp,L,PDU
172.5.32.25,PDUE428,N1B,F12P7DC1R4U62PL,U62,R4,DC1,F12,172.5.32.25,Delta,P7,snmp,L,PDU
172.5.8.2,PDUE428,N8A,F12P7DC1R1E110PL,E110,R1,DC1,F12,172.5.8.2,Delta,P7,snmp,L,PDU
172.5.8.29,PDUE428,U8A,F12P7DC1R1F107PR,F107,R1,DC1,F12,172.5.8.29,Delta,P7,snmp,R,PDU
172.5.8.7,PDUE428,U7A,F12P7DC1R1I110PR,I110,R1,DC1,F12,172.5.8.7,Delta,P7,snmp,R,PDU
172.5.16.24,PDUE428,U8B,F12P7DC1R2U94PR,U94,R2,DC1,F12,172.5.16.24,Delta,P7,snmp,R,PDU
172.5.16.3,PDUE428,N4A,F12P7DC1R2E94PL,E94,R2,DC1,F12,172.5.16.3,Delta,P7,snmp,L,PDU
172.5.24.12,PDUE428,U6C,F12P7DC1R3J78PR,J78,R3,DC1,F12,172.5.24.12,Delta,P7,snmp,R,PDU
172.5.24.18,PDUE428,U8F,F12P7DC1R3O78PR,O78,R3,DC1,F12,172.5.24.18,Delta,P7,snmp,R,PDU
172.5.32.15,PDUE428,U3F,F12P7DC1R4M62PL,M62,R4,DC1,F12,172.5.32.15,Delta,P7,snmp,L,PDU
172.5.16.113,PDUE428,N7B,F12P7DC1R2O83PL,O83,R2,DC1,F12,172.5.16.113,Delta,P7,snmp,L,PDU
172.5.16.122,PDUE428,,F12P7DC1R2V83PR,V83,R2,DC1,F12,172.5.16.122,Delta,P7,snmp,R,PDU
172.5.16.37,PDUE428,N8B,F12P7DC1R2G91PL,G91,R2,DC1,F12,172.5.16.37,Delta,P7,snmp,L,PDU
172.5.8.14,PDUE428,U7A,F12P7DC1R1O110PR,O110,R1,DC1,F12,172.5.8.14,Delta,P7,snmp,R,PDU
172.5.8.100,PDUE428,N3A,F12P7DC1R1J99PL,J99,R1,DC1,F12,172.5.8.100,Delta,P7,snmp,L,PDU
172.5.8.97,PDUE428,U8D,F12P7DC1R1H99PR,H99,R1,DC1,F12,172.5.8.97,Delta,P7,snmp,R,PDU
172.5.16.80,PDUE428,U7E,F12P7DC1R2M86PR,M86,R2,DC1,F12,172.5.16.80,Delta,P7,snmp,R,PDU
172.5.24.109,PDUE428,U5C,F12P7DC1R3O67PL,O67,R3,DC1,F12,172.5.24.109,Delta,P7,snmp,L,PDU
172.5.32.125,PDUE428,U5G,F12P7DC1R4Y51PL,Y51,R4,DC1,F12,172.5.32.125,Delta,P7,snmp,L,PDU
172.5.32.14,PDUE428,U4F,F12P7DC1R4K62PR,K62,R4,DC1,F12,172.5.32.14,Delta,P7,snmp,R,PDU
172.5.32.2,PDUE428,U3F,F12P7DC1R4C62PL,C62,R4,DC1,F12,172.5.32.2,Delta,P7,snmp,L,PDU
172.5.32.59,PDUE428,N1B,F12P7DC1R4W59PL,W59,R4,DC1,F12,172.5.32.59,Delta,P7,snmp,L,PDU
172.5.24.100,PDUE428,U8C,F12P7DC1R3H67PR,H67,R3,DC1,F12,172.5.24.100,Delta,P7,snmp,R,PDU
172.5.24.120,PDUE428,U7C,F12P7DC1R3W67PR,W67,R3,DC1,F12,172.5.24.120,Delta,P7,snmp,R,PDU
172.5.24.75,PDUE428,N1A,F12P7DC1R3N70PL,N70,R3,DC1,F12,172.5.24.75,Delta,P7,snmp,L,PDU
172.5.24.86,PDUE428,U6C,F12P7DC1R3G70PR,G70,R3,DC1,F12,172.5.24.86,Delta,P7,snmp,R,PDU
172.5.32.108,PDUE428,U7G,F12P7DC1R4K51PR,K51,R4,DC1,F12,172.5.32.108,Delta,P7,snmp,R,PDU
172.5.32.110,PDUE428,U7G,F12P7DC1R4L51PR,L51,R4,DC1,F12,172.5.32.110,Delta,P7,snmp,R,PDU
172.5.8.114,PDUE428,N8A,F12P7DC1R1U99PL,U99,R1,DC1,F12,172.5.8.114,Delta,P7,snmp,L,PDU
172.5.8.53,PDUE428,U7D,F12P7DC1R1W107PR,W107,R1,DC1,F12,172.5.8.53,Delta,P7,snmp,R,PDU
172.5.24.17,PDUE428,N5A,F12P7DC1R3O78PL,O78,R3,DC1,F12,172.5.24.17,Delta,P7,snmp,L,PDU
172.5.32.20,PDUE428,U4F,F12P7DC1R4O62PR,O62,R4,DC1,F12,172.5.32.20,Delta,P7,snmp,R,PDU
172.5.32.37,PDUE428,U3F,F12P7DC1R4G59PL,G59,R4,DC1,F12,172.5.32.37,Delta,P7,snmp,L,PDU
172.5.8.67,PDUE428,U8D,F12P7DC1R1I102PR,I102,R1,DC1,F12,172.5.8.67,Delta,P7,snmp,R,PDU
172.5.32.100,PDUE428,U2E,F12P7DC1R4E51PR,E51,R4,DC1,F12,172.5.32.100,Delta,P7,snmp,R,PDU
172.5.32.32,PDUE428,U8G,F12P7DC1R4Z62PR,Z62,R4,DC1,F12,172.5.32.32,Delta,P7,snmp,R,PDU
172.5.32.95,PDUE428,U1E,F12P7DC1R4C51PL,C51,R4,DC1,F12,172.5.32.95,Delta,P7,snmp,L,PDU
172.5.8.49,PDUE428,U5D,F12P7DC1R1U107PR,U107,R1,DC1,F12,172.5.8.49,Delta,P7,snmp,R,PDU
172.5.24.61,PDUE428,N6A,F12P7DC1R3Z75PL,Z75,R3,DC1,F12,172.5.24.61,Delta,P7,snmp,L,PDU
172.5.24.90,PDUE428,U8C,F12P7DC1R3D70PR,D70,R3,DC1,F12,172.5.24.90,Delta,P7,snmp,R,PDU
172.5.8.120,PDUE428,N8A,F12P7DC1R1Y99PL,Y99,R1,DC1,F12,172.5.8.120,Delta,P7,snmp,L,PDU
172.5.15.2,PDUE428,N8A,F12P7DC1R1M110PL,M110,R1,DC1,F12,172.5.15.2,Delta,P7,snmp,L,PDU
172.5.16.53,PDUE428,N4B,F12P7DC1R2S91PL,S91,R2,DC1,F12,172.5.16.53,Delta,P7,snmp,L,PDU
172.5.24.16,PDUE428,U8F,F12P7DC1R3M78PR,M78,R3,DC1,F12,172.5.24.16,Delta,P7,snmp,R,PDU
172.5.24.3,PDUE428,N5A,F12P7DC1R3E78PL,E78,R3,DC1,F12,172.5.24.3,Delta,P7,snmp,L,PDU
172.5.24.51,PDUE428,N6A,F12P7DC1R3S75PL,S75,R3,DC1,F12,172.5.24.51,Delta,P7,snmp,L,PDU
172.5.16.12,PDUE428,U8B,F12P7DC1R2J94PR,J94,R2,DC1,F12,172.5.16.12,Delta,P7,snmp,R,PDU
172.5.16.79,PDUE428,N4B,F12P7DC1R2M86PL,M86,R2,DC1,F12,172.5.16.79,Delta,P7,snmp,L,PDU
172.5.32.24,PDUE428,U8G,F12P7DC1R4T62PR,T62,R4,DC1,F12,172.5.32.24,Delta,P7,snmp,R,PDU
172.5.32.47,PDUE428,,F12P7DC1R4N59PL,N59,R4,DC1,F12,172.5.32.47,Delta,P7,snmp,L,PDU
172.5.8.88,PDUE428,N7A,F12P7DC1R1Z102PL,Z102,R1,DC1,F12,172.5.8.88,Delta,P7,snmp,L,PDU
172.5.16.49,PDUE428,N8B,F12P7DC1R2O91PL,O91,R2,DC1,F12,172.5.16.49,Delta,P7,snmp,L,PDU
172.5.8.10,PDUE428,U7A,F12P7DC1R1J110PR,J110,R1,DC1,F12,172.5.8.10,Delta,P7,snmp,R,PDU
172.5.8.74,PDUE428,N3A,F12P7DC1R1M102PL,M102,R1,DC1,F12,172.5.8.74,Delta,P7,snmp,L,PDU
172.5.8.89,PDUE428,U8D,F12P7DC1R1C99PR,C99,R1,DC1,F12,172.5.8.89,Delta,P7,snmp,R,PDU
172.5.16.94,PDUE428,,F12P7DC1R2Z86PR,Z86,R2,DC1,F12,172.5.16.94,Delta,P7,snmp,R,PDU
172.5.24.27,PDUE428,N6A,F12P7DC1R3X78PL,X78,R3,DC1,F12,172.5.24.27,Delta,P7,snmp,L,PDU
172.5.32.69,PDUE428,U1E,F12P7DC1R4F54PL,F54,R4,DC1,F12,172.5.32.69,Delta,P7,snmp,L,PDU
172.5.8.35,PDUE428,U8A,F12P7DC1R1J107PR,J107,R1,DC1,F12,172.5.8.35,Delta,P7,snmp,R,PDU
172.5.8.9,PDUE428,N8A,F12P7DC1R1J110PL,J110,R1,DC1,F12,172.5.8.9,Delta,P7,snmp,L,PDU
172.5.16.106,PDUE428,U8E,F12P7DC1R2J83PR,J83,R2,DC1,F12,172.5.16.106,Delta,P7,snmp,R,PDU
172.5.32.52,PDUE428,U2E,F12P7DC1R4R59PR,R59,R4,DC1,F12,172.5.32.52,Delta,P7,snmp,R,PDU
172.5.8.12,PDUE428,U7A,F12P7DC1R1M110PR,M110,R1,DC1,F12,172.5.8.12,Delta,P7,snmp,R,PDU
172.5.8.42,PDUE428,N7A,F12P7DC1R1N107PL,N107,R1,DC1,F12,172.5.8.42,Delta,P7,snmp,L,PDU
172.5.16.40,PDUE428,U7B,F12P7DC1R2H91PR,H91,R2,DC1,F12,172.5.16.40,Delta,P7,snmp,R,PDU
172.5.32.103,PDUE428,U1E,F12P7DC1R4H51PL,H51,R4,DC1,F12,172.5.32.103,Delta,P7,snmp,L,PDU
172.5.16.11,PDUE428,N3B,F12P7DC1R2J94PL,J94,R2,DC1,F12,172.5.16.11,Delta,P7,snmp,L,PDU
172.5.16.121,PDUE428,,F12P7DC1R2V83PL,V83,R2,DC1,F12,172.5.16.121,Delta,P7,snmp,L,PDU
172.5.32.71,PDUE428,U1E,F12P7DC1R4G54PL,G54,R4,DC1,F12,172.5.32.71,Delta,P7,snmp,L,PDU
172.5.8.117,PDUE428,U5A,F12P7DC1R1W99PR,W99,R1,DC1,F12,172.5.8.117,Delta,P7,snmp,R,PDU
172.5.8.121,PDUE428,U5A,F12P7DC1R1Z99PR,Z99,R1,DC1,F12,172.5.8.121,Delta,P7,snmp,R,PDU
172.5.16.86,PDUE428,,F12P7DC1R2T86PR,T86,R2,DC1,F12,172.5.16.86,Delta,P7,snmp,R,PDU
172.5.32.126,PDUE428,U6G,F12P7DC1R4Y51PR,Y51,R4,DC1,F12,172.5.32.126,Delta,P7,snmp,R,PDU
172.5.32.67,PDUE428,U1E,F12P7DC1R4E54PL,E54,R4,DC1,F12,172.5.32.67,Delta,P7,snmp,L,PDU
172.5.32.82,PDUE428,U6G,F12P7DC1R4N54PR,N54,R4,DC1,F12,172.5.32.82,Delta,P7,snmp,R,PDU
172.5.24.26,PDUE428,U7F,F12P7DC1R3W78PR,W78,R3,DC1,F12,172.5.24.26,Delta,P7,snmp,R,PDU
172.5.24.42,PDUE428,U6F,F12P7DC1R3K75PR,K75,R3,DC1,F12,172.5.24.42,Delta,P7,snmp,R,PDU
172.5.24.8,PDUE428,U8F,F12P7DC1R3H78PR,H78,R3,DC1,F12,172.5.24.8,Delta,P7,snmp,R,PDU
172.5.24.79,PDUE428,N1A,F12P7DC1R3K70PL,K70,R3,DC1,F12,172.5.24.79,Delta,P7,snmp,L,PDU
172.5.8.122,PDUE428,N8A,F12P7DC1R1Z99PL,Z99,R1,DC1,F12,172.5.8.122,Delta,P7,snmp,L,PDU
172.5.8.52,PDUE428,N4A,F12P7DC1R1V107PL,V107,R1,DC1,F12,172.5.8.52,Delta,P7,snmp,L,PDU
172.5.24.97,PDUE428,U6C,F12P7DC1R3F67PR,F67,R3,DC1,F12,172.5.24.97,Delta,P7,snmp,R,PDU
172.5.8.4,PDUE428,N8A,F12P7DC1R1F110PL,F110,R1,DC1,F12,172.5.8.4,Delta,P7,snmp,L,PDU
172.5.16.125,PDUE428,,F12P7DC1R2Y83PL,Y83,R2,DC1,F12,172.5.16.125,Delta,P7,snmp,L,PDU
172.5.24.38,PDUE428,U6F,F12P7DC1R3H75PR,H75,R3,DC1,F12,172.5.24.38,Delta,P7,snmp,R,PDU
172.5.24.47,PDUE428,U5F,F12P7DC1R3O75PL,O75,R3,DC1,F12,172.5.24.47,Delta,P7,snmp,L,PDU
172.5.24.56,PDUE428,U7F,F12P7DC1R3V75PR,V75,R3,DC1,F12,172.5.24.56,Delta,P7,snmp,R,PDU
172.5.24.58,PDUE428,U7F,F12P7DC1R3W75PR,W75,R3,DC1,F12,172.5.24.58,Delta,P7,snmp,R,PDU
172.5.16.59,PDUE428,N4B,F12P7DC1R2W91PL,W91,R2,DC1,F12,172.5.16.59,Delta,P7,snmp,L,PDU
172.5.16.71,PDUE428,N4B,F12P7DC1R2H86PL,H86,R2,DC1,F12,172.5.16.71,Delta,P7,snmp,L,PDU
172.5.24.93,PDUE428,N1A,F12P7DC1R3C67PL,C67,R3,DC1,F12,172.5.24.93,Delta,P7,snmp,L,PDU
172.5.8.51,PDUE428,U7D,F12P7DC1R1V107PR,V107,R1,DC1,F12,172.5.8.51,Delta,P7,snmp,R,PDU
172.5.8.86,PDUE428,N7A,F12P7DC1R1X102PL,X102,R1,DC1,F12,172.5.8.86,Delta,P7,snmp,L,PDU
172.5.32.128,PDUE428,U6G,F12P7DC1R4Z51PR,Z51,R4,DC1,F12,172.5.32.128,Delta,P7,snmp,R,PDU
172.5.8.112,PDUE428,N8A,F12P7DC1R1S99PL,S99,R1,DC1,F12,172.5.8.112,Delta,P7,snmp,L,PDU
172.5.8.81,PDUE428,U6A,F12P7DC1R1U102PR,U102,R1,DC1,F12,172.5.8.81,Delta,P7,snmp,R,PDU
172.5.8.82,PDUE428,N7A,F12P7DC1R1U102PL,U102,R1,DC1,F12,172.5.8.82,Delta,P7,snmp,L,PDU
172.5.16.19,PDUE428,N7B,F12P7DC1R2R94PL,R94,R2,DC1,F12,172.5.16.19,Delta,P7,snmp,L,PDU
172.5.16.27,PDUE428,N7B,F12P7DC1R2X94PL,X94,R2,DC1,F12,172.5.16.27,Delta,P7,snmp,L,PDU
172.5.24.105,PDUE428,U5C,F12P7DC1R3L67PL,L67,R3,DC1,F12,172.5.24.105,Delta,P7,snmp,L,PDU
172.5.24.84,PDUE428,U8C,F12P7DC1R3I70PR,I70,R3,DC1,F12,172.5.24.84,Delta,P7,snmp,R,PDU
172.5.16.107,PDUE428,N7B,F12P7DC1R2K83PL,K83,R2,DC1,F12,172.5.16.107,Delta,P7,snmp,L,PDU
172.5.16.109,PDUE428,N7B,F12P7DC1R2L83PL,L83,R2,DC1,F12,172.5.16.109,Delta,P7,snmp,L,PDU
172.5.16.110,PDUE428,U8E,F12P7DC1R2L83PR,L83,R2,DC1,F12,172.5.16.110,Delta,P7,snmp,R,PDU
172.5.24.92,PDUE428,U8C,F12P7DC1R3C70PR,C70,R3,DC1,F12,172.5.24.92,Delta,P7,snmp,R,PDU
172.5.16.57,PDUE428,N4B,F12P7DC1R2V91PL,V91,R2,DC1,F12,172.5.16.57,Delta,P7,snmp,L,PDU
172.5.16.87,PDUE428,,F12P7DC1R2U86PL,U86,R2,DC1,F12,172.5.16.87,Delta,P7,snmp,L,PDU
172.5.8.70,PDUE428,N3A,F12P7DC1R1J102PL,J102,R1,DC1,F12,172.5.8.70,Delta,P7,snmp,L,PDU
172.5.16.98,PDUE428,U8E,F12P7DC1R2D83PR,D83,R2,DC1,F12,172.5.16.98,Delta,P7,snmp,R,PDU
172.5.24.113,PDUE428,N2A,F12P7DC1R3S67PL,S67,R3,DC1,F12,172.5.24.113,Delta,P7,snmp,L,PDU
172.5.24.30,PDUE428,,F12P7DC1R3Z78PR,Z78,R3,DC1,F12,172.5.24.30,Delta,P7,snmp,R,PDU
172.5.24.77,PDUE428,U5C,F12P7DC1R3M70PL,M70,R3,DC1,F12,172.5.24.77,Delta,P7,snmp,L,PDU
172.5.16.48,PDUE428,U7B,F12P7DC1R2N91PR,N91,R2,DC1,F12,172.5.16.48,Delta,P7,snmp,R,PDU
172.5.24.81,PDUE428,U5C,F12P7DC1R3J70PL,J70,R3,DC1,F12,172.5.24.81,Delta,P7,snmp,L,PDU
172.5.32.65,PDUE428,U1E,F12P7DC1R4C54PL,C54,R4,DC1,F12,172.5.32.65,Delta,P7,snmp,L,PDU
172.5.16.102,PDUE428,U8E,F12P7DC1R2G83PR,G83,R2,DC1,F12,172.5.16.102,Delta,P7,snmp,R,PDU
172.5.32.44,PDUE428,U4F,F12P7DC1R4K59PR,K59,R4,DC1,F12,172.5.32.44,Delta,P7,snmp,R,PDU
172.5.32.64,PDUE428,U8G,F12P7DC1R4Z59PR,Z59,R4,DC1,F12,172.5.32.64,Delta,P7,snmp,R,PDU
172.5.24.48,PDUE428,U6F,F12P7DC1R3O75PR,O75,R3,DC1,F12,172.5.24.48,Delta,P7,snmp,R,PDU
172.5.24.80,PDUE428,U6C,F12P7DC1R3K70PR,K70,R3,DC1,F12,172.5.24.80,Delta,P7,snmp,R,PDU
172.5.32.33,PDUE428,U3F,F12P7DC1R4D59PL,D59,R4,DC1,F12,172.5.32.33,Delta,P7,snmp,L,PDU
172.5.16.14,PDUE428,U8B,F12P7DC1R2L94PR,L94,R2,DC1,F12,172.5.16.14,Delta,P7,snmp,R,PDU
172.5.24.5,PDUE428,N5A,F12P7DC1R3F78PL,F78,R3,DC1,F12,172.5.24.5,Delta,P7,snmp,L,PDU
172.5.8.102,PDUE428,N3A,F12P7DC1R1K99PL,K99,R1,DC1,F12,172.5.8.102,Delta,P7,snmp,L,PDU
172.5.8.18,PDUE428,U5D,F12P7DC1R1T110PR,T110,R1,DC1,F12,172.5.8.18,Delta,P7,snmp,R,PDU
172.5.8.20,PDUE428,U5D,F12P7DC1R1U110PR,U110,R1,DC1,F12,172.5.8.20,Delta,P7,snmp,R,PDU
172.5.32.113,PDUE428,U1E,F12P7DC1R4O51PL,O51,R4,DC1,F12,172.5.32.113,Delta,P7,snmp,L,PDU
172.5.32.22,PDUE428,U8G,F12P7DC1R4R62PR,R62,R4,DC1,F12,172.5.32.22,Delta,P7,snmp,R,PDU
172.5.32.77,PDUE428,U1E,F12P7DC1R4K54PL,K54,R4,DC1,F12,172.5.32.77,Delta,P7,snmp,L,PDU
172.5.16.34,PDUE428,U7B,F12P7DC1R2D91PR,D91,R2,DC1,F12,172.5.16.34,Delta,P7,snmp,R,PDU
172.5.16.47,PDUE428,N8B,F12P7DC1R2N91PL,N91,R2,DC1,F12,172.5.16.47,Delta,P7,snmp,L,PDU
172.5.16.68,PDUE428,U7E,F12P7DC1R2E86PR,E86,R2,DC1,F12,172.5.16.68,Delta,P7,snmp,R,PDU
172.5.24.98,PDUE428,N1A,F12P7DC1R3F67PL,F67,R3,DC1,F12,172.5.24.98,Delta,P7,snmp,L,PDU
172.5.32.104,PDUE428,U2E,F12P7DC1R4H51PR,H51,R4,DC1,F12,172.5.32.104,Delta,P7,snmp,R,PDU
172.5.8.109,PDUE428,U5A,F12P7DC1R1R99PR,R99,R1,DC1,F12,172.5.8.109,Delta,P7,snmp,R,PDU
172.5.8.8,PDUE428,N8A,F12P7DC1R1I110PL,I110,R1,DC1,F12,172.5.8.8,Delta,P7,snmp,L,PDU
172.5.8.80,PDUE428,N7A,F12P7DC1R1T102PL,T102,R1,DC1,F12,172.5.8.80,Delta,P7,snmp,L,PDU
172.5.8.94,PDUE428,N3A,F12P7DC1R1F99PL,F99,R1,DC1,F12,172.5.8.94,Delta,P7,snmp,L,PDU
172.5.24.99,PDUE428,U5C,F12P7DC1R3H67PL,H67,R3,DC1,F12,172.5.24.99,Delta,P7,snmp,L,PDU
172.5.32.68,PDUE428,U2E,F12P7DC1R4E54PR,E54,R4,DC1,F12,172.5.32.68,Delta,P7,snmp,R,PDU
172.5.32.74,PDUE428,,F12P7DC1R4I54PR,I54,R4,DC1,F12,172.5.32.74,Delta,P7,snmp,R,PDU
172.5.32.76,PDUE428,U2E,F12P7DC1R4J54PR,J54,R4,DC1,F12,172.5.32.76,Delta,P7,snmp,R,PDU
172.5.8.75,PDUE428,U8D,F12P7DC1R1O102PR,O102,R1,DC1,F12,172.5.8.75,Delta,P7,snmp,R,PDU
172.5.16.5,PDUE428,N4A,F12P7DC1R2F94PL,F94,R2,DC1,F12,172.5.16.5,Delta,P7,snmp,L,PDU
172.5.16.105,PDUE428,N7B,F12P7DC1R2J83PL,J83,R2,DC1,F12,172.5.16.105,Delta,P7,snmp,L,PDU
172.5.16.65,PDUE428,N4B,F12P7DC1R2C86PL,C86,R2,DC1,F12,172.5.16.65,Delta,P7,snmp,L,PDU
172.5.32.87,PDUE428,U5G,F12P7DC1R4U54PL,U54,R4,DC1,F12,172.5.32.87,Delta,P7,snmp,L,PDU
172.5.8.90,PDUE428,N3A,F12P7DC1R1C99PL,C99,R1,DC1,F12,172.5.8.90,Delta,P7,snmp,L,PDU
172.5.24.123,PDUE428,N2A,F12P7DC1R3Z67PL,Z67,R3,DC1,F12,172.5.24.123,Delta,P7,snmp,L,PDU
172.5.24.21,PDUE428,N6A,F12P7DC1R3T78PL,T78,R3,DC1,F12,172.5.24.21,Delta,P7,snmp,L,PDU
172.5.32.51,PDUE428,U1E,F12P7DC1R4R59PL,R59,R4,DC1,F12,172.5.32.51,Delta,P7,snmp,L,PDU
172.5.32.58,PDUE428,U8G,F12P7DC1R4V59PR,V59,R4,DC1,F12,172.5.32.58,Delta,P7,snmp,R,PDU
172.5.8.78,PDUE428,N7A,F12P7DC1R1R102PL,R102,R1,DC1,F12,172.5.8.78,Delta,P7,snmp,L,PDU
172.5.24.45,PDUE428,U5F,F12P7DC1R3N75PL,N75,R3,DC1,F12,172.5.24.45,Delta,P7,snmp,L,PDU
172.5.24.60,PDUE428,U7F,F12P7DC1R3Y75PR,Y75,R3,DC1,F12,172.5.24.60,Delta,P7,snmp,R,PDU
172.5.24.117,PDUE428,N2A,F12P7DC1R3V67PL,V67,R3,DC1,F12,172.5.24.117,Delta,P7,snmp,L,PDU
172.5.24.25,PDUE428,N6A,F12P7DC1R3W78PL,W78,R3,DC1,F12,172.5.24.25,Delta,P7,snmp,L,PDU
172.5.24.78,PDUE428,U8C,F12P7DC1R3M70PR,M70,R3,DC1,F12,172.5.24.78,Delta,P7,snmp,R,PDU
172.5.32.17,PDUE428,U3F,F12P7DC1R4N62PL,N62,R4,DC1,F12,172.5.32.17,Delta,P7,snmp,L,PDU
172.5.8.40,PDUE428,N7A,F12P7DC1R1L107PL,L107,R1,DC1,F12,172.5.8.40,Delta,P7,snmp,L,PDU
172.5.8.5,PDUE428,U7A,F12P7DC1R1H110PR,H110,R1,DC1,F12,172.5.8.5,Delta,P7,snmp,R,PDU
172.5.24.124,PDUE428,U7C,F12P7DC1R3Z67PR,Z67,R3,DC1,F12,172.5.24.124,Delta,P7,snmp,R,PDU
172.5.24.31,PDUE428,U5F,F12P7DC1R3D75PL,D75,R3,DC1,F12,172.5.24.31,Delta,P7,snmp,L,PDU
172.5.24.63,PDUE428,N2A,F12P7DC1R3Z70PL,Z70,R3,DC1,F12,172.5.24.63,Delta,P7,snmp,L,PDU
172.5.32.30,PDUE428,U8G,F12P7DC1R4X62PR,X62,R4,DC1,F12,172.5.32.30,Delta,P7,snmp,R,PDU
172.5.8.24,PDUE428,U5D,F12P7DC1R1X110PR,X110,R1,DC1,F12,172.5.8.24,Delta,P7,snmp,R,PDU
172.5.16.39,PDUE428,N8B,F12P7DC1R2H91PL,H91,R2,DC1,F12,172.5.16.39,Delta,P7,snmp,L,PDU
172.5.32.117,PDUE428,U5G,F12P7DC1R4S51PL,S51,R4,DC1,F12,172.5.32.117,Delta,P7,snmp,L,PDU
172.5.32.60,PDUE428,U8G,F12P7DC1R4W59PR,W59,R4,DC1,F12,172.5.32.60,Delta,P7,snmp,R,PDU
172.5.8.11,PDUE428,U7A,F12P7DC1R1L110PR,L110,R1,DC1,F12,172.5.8.11,Delta,P7,snmp,R,PDU
172.5.16.123,PDUE428,,F12P7DC1R2W83PL,W83,R2,DC1,F12,172.5.16.123,Delta,P7,snmp,L,PDU
172.5.16.20,PDUE428,U8B,F12P7DC1R2R94PR,R94,R2,DC1,F12,172.5.16.20,Delta,P7,snmp,R,PDU
172.5.24.89,PDUE428,U5C,F12P7DC1R3D70PL,D70,R3,DC1,F12,172.5.24.89,Delta,P7,snmp,L,PDU
172.5.24.91,PDUE428,U5C,F12P7DC1R3C70PL,C70,R3,DC1,F12,172.5.24.91,Delta,P7,snmp,L,PDU
172.5.32.124,PDUE428,U6G,F12P7DC1R4W51PR,W51,R4,DC1,F12,172.5.32.124,Delta,P7,snmp,R,PDU
